date,address,phone,num_hugi,title,max_daesil_time,daesil_price,sukbak_time,sukbak_price,hashtag
2018-11-14,서울특별시 광진구 화양동 24-15 H Avenue 건대점,50350517193,2705,H Avenue 건대점,6,"27,000",15:00,"65,000",#쿠폰혜택 #TOP100 #좋은숙박연구소 #현장적립 #최저가보상
2018-11-14,서울특별시 성북구 동선동1가 120-1 H Avenue 성신여대점,50350516123,5331,H Avenue 성신여대점,5,"25,000",15:00,"50,000",#쿠폰혜택 #TOP100 #좋은숙박연구소 #현장적립
2018-11-14,서울특별시 강남구 역삼동 678-14 H Avenue 역삼점,50350501306,3201,H Avenue 역삼점,6,"27,000",15:00,"60,000",#쿠폰혜택 #TOP100 #마이룸 #좋은숙박연구소 #현장적립 #최저가보상
2018-11-14,서울특별시 마포구 노고산동 1-74 H Avenue 이대점,50350515640,7742,H Avenue 이대점,4,"27,000",15:00,"45,000",#TOP100 #좋은숙박연구소
2018-11-14,서울특별시 강서구 화곡동 921-1,50350516620,905,HOTEL ANNE 화곡점 (호텔앤),7,"17,000",17:00,"35,000",#쿠폰혜택 #마이룸 #현장적립
2018-11-14,서울특별시 강서구 방화동 612-172 KOTEL 김포공항점,50350514929,3605,KOTEL 김포공항점,6,"18,000",20:00,"50,000",#쿠폰혜택 #마이룸 #좋은숙박연구소 #현장적립 #최저가보상
2018-11-14,서울특별시 동작구 노량진동 58-11 KOTEL 노량진역점,50350514319,1468,KOTEL 노량진역점,4,"18,000",22:00,"41,000",#좋은숙박연구소 #현장적립 #최저가보상
2018-11-14,서울특별시 관악구 남현동 1062-16 KOTEL 사당역점,50350502096,6076,KOTEL 사당역점,6,"20,000",21:00,"45,000",#마이룸 #좋은숙박연구소 #현장적립 #최저가보상
2018-11-14,서울특별시 서대문구 창천동 20-46 KOTEL 신촌역점,50350514388,7551,KOTEL 신촌역점,5,"18,000",16:00,"35,000",#마이룸 #좋은숙박연구소 #현장적립 #최저가보상
2018-11-14,서울특별시 강남구 논현동 237-9 YAJA 강남 논현점 ,50350514517,2993,YAJA 강남 논현점,6,"25,000",16:00,"60,000",#쿠폰혜택 #마이룸 #좋은숙박연구소 #현장적립 #최저가보상
2018-11-14,서울특별시 강서구 화곡동 24-60 YAJA 강서구청점,50350502227,2345,YAJA 강서구청점,5,"20,000",18:00,"40,000",#쿠폰혜택 #마이룸 #좋은숙박연구소 #현장적립 #최저가보상
2018-11-14,서울특별시 성동구 송정동 20-10 YAJA 건대점,50350500010,2364,YAJA 건대점,6,"20,000",17:00,"40,000",#좋은숙박연구소 #현장적립 #최저가보상
2018-11-14,서울특별시 동대문구 휘경동 336 YAJA 경희대점,50350500902,1096,YAJA 경희대점,5,"20,000",18:00,"42,000",#쿠폰혜택 #좋은숙박연구소 #현장적립 #최저가보상
2018-11-14,서울특별시 동대문구 제기동 1142-4 YAJA 고려대점 ,50350500608,1052,YAJA 고려대점,5,"20,000",18:00,"45,000",#쿠폰혜택 #마이룸 #좋은숙박연구소 #현장적립 #최저가보상
2018-11-14,서울특별시 서초구 서초동 1591-8 YAJA 서초점,50350516691,3643,YAJA 서초점,6,"22,000",18:00,"45,000",#쿠폰혜택 #마이룸 #좋은숙박연구소 #현장적립 #최저가보상
2018-11-14,서울특별시 성북구 동선동4가 20 YAJA 성신여대역점,50350515280,5626,YAJA 성신여대역점,6,"22,000",18:00,"40,000",#쿠폰혜택 #마이룸 #좋은숙박연구소 #현장적립 #최저가보상
2018-11-14,서울특별시 강북구 미아동 160-26 YAJA 수유 미아점 ,50350500183,3774,YAJA 수유 미아점,6,"17,000",17:00,"30,000",#좋은숙박연구소 #현장적립 #최저가보상
2018-11-14,서울특별시 관악구 신림동 1423-30 YAJA 신림 1호점 ,50350500514,5091,YAJA 신림 1호점,5,"19,000",18:00,"40,000",#쿠폰혜택 #좋은숙박연구소 #현장적립 #최저가보상
2018-11-14,서울특별시 관악구 신림동 1422-8 YAJA 신림 2호점 ,50350501127,4902,YAJA 신림 2호점,6,"19,000",14:00,"40,000",#좋은숙박연구소 #현장적립 #최저가보상
2018-11-14,서울특별시 서대문구 창천동 29-59 YAJA 신촌점 ,50350500147,1913,YAJA 신촌점,5,"25,000",19:00,"45,000",#쿠폰혜택 #마이룸 #좋은숙박연구소 #현장적립 #최저가보상
2018-11-14,서울특별시 광진구 구의동 59-14 YAJA 아차산역점,50350502250,493,YAJA 아차산역점,4,"25,000",19:00,"50,000",#좋은숙박연구소 #현장적립 #최저가보상
2018-11-14,서울특별시 은평구 대조동 186-52 YAJA 연신내역점,50350502263,1055,YAJA 연신내역점,6,"20,000",18:00,"40,000",#쿠폰혜택 #마이룸 #좋은숙박연구소 #현장적립 #최저가보상
2018-11-14,서울특별시 영등포구 영등포동3가 2-3 YAJA 영등포점,50350500786,7339,YAJA 영등포점,5,"20,000",16:00,"35,000",#쿠폰혜택 #TOP100 #마이룸 #좋은숙박연구소 #현장적립 #최저가보상
2018-11-14,서울특별시 성동구 도선동 100 YAJA 왕십리역점 ,50350501610,3020,YAJA 왕십리역점,4,"25,000",18:00,"35,000",#좋은숙박연구소 #현장적립 #최저가보상
2018-11-14,서울특별시 성동구 용답동 228-10 YAJA 장한평역점 ,50350501536,1077,YAJA 장한평역점,6,"20,000",18:00,"40,000",#쿠폰혜택 #마이룸 #좋은숙박연구소 #현장적립 #최저가보상
2018-11-14,서울특별시 종로구 낙원동 86 YAJA 종로점,50350515011,7634,YAJA 종로점,5,"22,000",18:00,"40,000",#좋은숙박연구소 #현장적립 #최저가보상
2018-11-14,서울특별시 강동구 천호동 454-57 YAJA 천호역점,50350502094,1308,YAJA 천호역점,6,"18,000",18:00,"37,000",#쿠폰혜택 #좋은숙박연구소 #현장적립 #최저가보상
2018-11-14,서울특별시 마포구 서교동 377-1 YAJA 홍대점,50350501219,3989,YAJA 홍대점,5,"23,000",20:00,"58,000",#좋은숙박연구소 #현장적립 #최저가보상
2018-11-14,서울특별시 강서구 화곡동 901-26 YAJA 화곡점 ,50350501704,1971,YAJA 화곡점,6,"18,000",18:00,"35,000",#쿠폰혜택 #좋은숙박연구소 #현장적립 #최저가보상
2018-11-14,서울특별시 동대문구 제기동 67-209 YAM 고려대점 ,50350501858,993,YAM 고려대점,6,"17,000",18:00,"30,000",#좋은숙박연구소 #현장적립 #최저가보상
2018-11-14,서울특별시 광진구 구의동 246-13 YAM 구의역점 ,50350502179,1863,YAM 구의역점,5,"18,000",18:00,"40,000",#좋은숙박연구소 #현장적립 #최저가보상
2018-11-14,서울특별시 송파구 방이동 42 YAM 방이점,50350515132,1571,YAM 방이점,7,"20,000",18:00,"40,000",#좋은숙박연구소 #현장적립 #최저가보상
2018-11-14,서울특별시 서초구 반포동 94-7 YAM 서래마을점 ,50350500623,1796,YAM 서래마을점,5,"18,000",18:00,"45,000",#쿠폰혜택 #좋은숙박연구소 #현장적립
2018-11-14,서울특별시 금천구 가산동 139-19,50350500942,667,가산 마리호텔,6,"30,000",17:00,"60,000",#쿠폰혜택 #현장적립
2018-11-14,서울특별시 금천구 가산동 141-1,50350500424,916,가산 마인드호텔,5,"25,000",18:00,"65,000",#쿠폰혜택 #마이룸 #당일예약취소가능 #현장적립 #최저가보상
2018-11-14,서울특별시 금천구 가산동 140-83,50350501236,921,가산 뷰,6,"20,000",18:00,"45,000",#쿠폰혜택 #현장적립 #최저가보상
2018-11-14,서울특별시 금천구 가산동 139-25,50350500035,1591,가산 에펠준,5,"20,000",18:00,"45,000",#쿠폰혜택 #현장적립 #최저가보상
2018-11-14,서울특별시 금천구 가산동 140-34,50350510190,441,가산 자기야,5,"22,000",20:00,"55,000",#쿠폰혜택 #현장적립 #최저가보상
2018-11-14,서울특별시 금천구 가산동 140-31,50350510194,110,가산 캐슬,6,"20,000",17:00,"50,000",#현장적립
2018-11-14,서울특별시 금천구 가산동 140-33,50350517026,207,가산 팰리스파크,4,"20,000",18:00,"40,000",#쿠폰혜택 #마이룸 #현장적립
2018-11-14,서울특별시 강남구 역삼동 648-7,25576487,285,강남 648호텔,3,"35,000",20:00,"70,000",#쿠폰혜택 #현장적립
2018-11-14,서울특별시 강남구 역삼동 826-46,50350509644,883,강남 BNN,4,"22,000",22:00,"50,000",#쿠폰혜택 #현장적립
2018-11-14,서울특별시 강남구 역삼동 628-12,50350516995,191,강남 SENNE(세느),,,15:00,"88,800",#쿠폰혜택 #마이룸 #현장적립
2018-11-14,서울특별시 강남구 도곡동 542-2,50350509605,522,강남 데미안호텔,8,"25,000",14:00,"45,000",#쿠폰혜택 #마이룸 #현장적립
2018-11-14,서울특별시 강남구 역삼동 735-27,25544250,2973,강남 렉시,6,"25,000",18:00,"60,000",#쿠폰혜택 #마이룸 #당일예약취소가능 #현장적립 #최저가보상
2018-11-14,서울특별시 강남구 삼성동 37-16,50350500236,740,강남 마레,6,"25,000",16:00,"60,000",#쿠폰혜택 #마이룸
2018-11-14,서울특별시 강남구 역삼동 826-44,50350501678,1925,강남 밀라노,6,"20,000",20:00,"50,000",#쿠폰혜택 #마이룸 #당일예약취소가능 #현장적립 #최저가보상
2018-11-14,서울특별시 강남구 역삼동 831-7,25398151,1448,강남 샹그리아,4,"28,000",17:00,"58,000",#쿠폰혜택 #당일예약취소가능 #현장적립 #최저가보상
2018-11-14,서울특별시 강남구 역삼동 826-41,50350501239,1151,강남 시애틀,6,"30,000",19:00,"60,000",#쿠폰혜택 #현장적립 #최저가보상
2018-11-14,서울특별시 강남구 역삼동 825-29,50350500335,1844,강남 초콜릿,4,"25,000",20:00,"60,000",#쿠폰혜택 #당일예약취소가능 #현장적립 #최저가보상
2018-11-14,서울특별시 강남구 역삼동 825-30,50350514359,1310,강남 캠퍼스,4,"30,000",18:00,"80,000",#쿠폰혜택 #마이룸 #현장적립 #최저가보상
2018-11-14,서울특별시 강남구 논현동 201-11,50350502177,499,강남 호텔 더 디자이너스 리즈 프리미어,4,"30,000",15:00,"88,000",#쿠폰혜택 #현장적립 #최저가보상
2018-11-14,서울특별시 강동구 성내동 199-7,24874871,1600,강동 부띠끄호텔 월,4,"22,000",18:00,"55,000",#쿠폰혜택 #현장적립 #최저가보상
2018-11-14,서울특별시 강서구 외발산동 282-2,50350514275,467,강서(외발산동) 웨스턴리버,5,"25,000",18:00,"55,000",#쿠폰혜택 #마이룸 #당일예약취소가능 #최저가보상
2018-11-14,서울특별시 강남구 개포동 1229-8,50350515859,774,개포 컬리넌,4,"30,000",20:00,"69,000",#쿠폰혜택 #현장적립 #최저가보상
2018-11-14,서울특별시 광진구 군자동 350-7 건대 PIN,50350500395,1164,건대 PIN,5,"20,000",18:00,"40,000",#쿠폰혜택 #당일예약취소가능 #현장적립 #최저가보상
2018-11-14,서울특별시 광진구 자양동 203-2,50350514408,85,건대 강변,3,"20,000",19:00,"35,000",#쿠폰혜택 #현장적립 #최저가보상
2018-11-14,서울특별시 성동구 송정동 66-78,50350502144,254,건대 공감,5,"15,000",17:00,"27,000",#쿠폰혜택 #현장적립 #최저가보상
2018-11-14,서울특별시 광진구 화양동 18-12 건대 GUGU HOTEL,50350516052,1539,건대 구구(GUGU) HOTEL,4,"25,000",18:00,"50,000",#쿠폰혜택 #현장적립 #최저가보상
2018-11-14,서울특별시 광진구 화양동 121-9,50350510039,123,건대 두바이,4,"25,000",16:00,"40,000",#쿠폰혜택 #마이룸 #현장적립
2018-11-14,서울특별시 광진구 군자동 355 건대 딥,50350515210,1044,건대 딥,5,"20,000",18:00,"40,000",#쿠폰혜택 #현장적립 #최저가보상
2018-11-14,서울특별시 광진구 능동 276-1 건대 부티크나인(HB9),50350515405,2426,건대 부티크나인(HB9),4,"25,000",15:00,"65,000",#쿠폰혜택 #TOP100 #현장적립 #최저가보상
2018-11-14,서울특별시 성동구 송정동 20-1,50350500839,2260,건대 쁠랑,8,"20,000",18:00,"40,000",#쿠폰혜택 #당일예약취소가능 #현장적립 #최저가보상
2018-11-14,서울특별시 광진구 중곡동 250-4,24637331,112,건대 샐몬,4,"20,000",20:00,"35,000",#쿠폰혜택 #현장적립 #최저가보상
2018-11-14,서울특별시 광진구 화양동 23-25,50350510044,108,건대 세종,4,"20,000",19:00,"35,000",#쿠폰혜택 #마이룸 #현장적립 #최저가보상
2018-11-14,서울특별시 광진구 자양동 10-6 건대 시마,50350518486,3,건대 시마,5,"20,000",16:00,"40,000",#현장적립 #최저가보상
2018-11-14,서울특별시 광진구 자양동 203-5,50350514273,104,건대 영동,,"20,000",17:00,"35,000",#쿠폰혜택 #최저가보상
2018-11-14,서울특별시 광진구 화양동 49-5,50350510051,32,건대 초원,4,"20,000",20:00,"35,000",#쿠폰혜택 #마이룸 #최저가보상
2018-11-14,서울특별시 성동구 송정동 66-170,50350514904,155,건대 캠퍼스,4,"15,000",18:00,"25,000",#쿠폰혜택 #당일예약취소가능 #현장적립 #최저가보상
2018-11-14,서울특별시 광진구 군자동 350-6,50350501260,5411,"건대 컬리넌 1,2호점",6,"25,000",15:00,"45,000",#쿠폰혜택 #마이룸 #현장적립 #최저가보상
2018-11-14,서울특별시 광진구 화양동 18-11 건대 테마,50350500938,1837,건대 테마,6,"20,000",18:00,"43,000",#쿠폰혜택 #현장적립 #최저가보상
2018-11-14,서울특별시 광진구 화양동 17-10,50350501868,346,건대 프리마,4,"18,000",16:00,"35,000",#쿠폰혜택 #마이룸 #당일예약취소가능 #현장적립 #최저가보상
2018-11-14,서울특별시 광진구 자양동 24-6 24-6 143-190,50350516862,1378,건대 호텔 K WORLD,6,"30,000",15:00,"56,000",#최저가보상
2018-11-14,서울특별시 광진구 화양동 23-15 호텔 더 디자이너스 프리미어 건대,50350516439,2697,건대 호텔 더 디자이너스 프리미어,5,"35,000",15:00,"60,000",#쿠폰혜택 #TOP100 #마이룸 #현장적립
2018-11-14,서울특별시 광진구 구의동 633-4 건대 호텔스타,50350500267,3487,건대 호텔스타,6,"23,000",15:00,"40,000",#마이룸 #당일예약취소가능 #현장적립 #최저가보상
2018-11-14,서울특별시 광진구 중곡동 638-3 건대 더 디자이너스,50350510777,287,건대(군자) 더 디자이너스,4,"25,000",14:00,"70,000",#현장적립 #최저가보상
2018-11-14,서울특별시 종로구 체부동 64,50350516323,23,경복궁 나그네 하우스 -부띠크 한옥,3,"30,000",15:00,"65,000",#쿠폰혜택 #현장적립
2018-11-14,서울특별시 동대문구 휘경동 336-7,50350500775,1660,경희대 5월愛,13,"20,000",18:00,"40,000",#쿠폰혜택 #현장적립 #최저가보상
2018-11-14,서울특별시 동대문구 회기동 53-2,50350516131,173,경희대 블라,4,"20,000",21:00,"40,000",#쿠폰혜택 #현장적립
2018-11-14,서울특별시 동대문구 휘경동 336-2,50350501263,2761,경희대 수(SOO),5,"20,000",14:00,"43,700",#쿠폰혜택 #마이룸 #당일예약취소가능 #현장적립 #최저가보상
2018-11-14,서울특별시 동대문구 휘경동 336-3 회기 스카이,50350510273,934,경희대 스카이,4,"20,000",16:00,"45,000",#쿠폰혜택 #현장적립 #최저가보상
2018-11-14,서울특별시 마포구 공덕동 105-215,50350515655,23,공덕 안신장모텔,4,"20,000",19:00,"30,000",#쿠폰혜택 #마이룸 #최저가보상
2018-11-14,서울특별시 광진구 광장동 241-1,50350502012,33,광진 대하모텔,3,"25,000",20:00,"53,000",#쿠폰혜택 #마이룸 #최저가보상
2018-11-14,서울특별시 서초구 서초동 1670-8,50350510482,596,교대 덴버,4,"30,000",15:00,"55,000",#쿠폰혜택 #마이룸
2018-11-14,서울특별시 구로구 가리봉동 135-25,50350518061,334,구로 JS 호텔,10,"20,000",14:00,"70,000",#쿠폰혜택 #마이룸 #현장적립
2018-11-14,서울특별시 구로구 구로동 705-50,50350510114,6,구로 수 모텔,3,"20,000",21:00,"30,000",#최저가보상
2018-11-14,서울특별시 구로구 구로동 705-8,50350514444,2,구로 시티파크,3,"23,000",17:00,"35,000",#최저가보상
2018-11-14,서울특별시 구로구 구로동 1131-2 서울특별시 구로구 구로동 1131-2,50350517894,702,구로 컬리넌,5,"25,000",17:00,"60,000",#쿠폰혜택 #TOP100 #현장적립
2018-11-14,서울특별시 구로구 가리봉동 131-45,50350515389,5,구로(가리봉) 남양장,3,"25,000",12:00,"30,000",
2018-11-14,서울특별시 구로구 개봉동 353-6,50350501672,161,구로(개봉) J,5,"20,000",19:00,"40,000",#쿠폰혜택 #마이룸 #현장적립
2018-11-14,서울특별시 구로구 개봉동 403-212,50350510138,288,구로(개봉) 샬,4,"20,000",20:00,"35,000",#쿠폰혜택 #마이룸
2018-11-14,서울특별시 구로구 개봉동 198-7,50350517072,73,구로(개봉) 오슬로,4,"20,000",19:00,"40,000",#쿠폰혜택 #마이룸 #현장적립
2018-11-14,서울특별시 광진구 구의동 212-17,50350500777,657,구의 R,7,"20,000",17:00,"40,000",#쿠폰혜택 #당일예약취소가능 #현장적립 #최저가보상
2018-11-14,서울특별시 광진구 구의동 246-39 구의 마레,24467070,733,구의 마레,5,"20,000",18:00,"40,000",#현장적립 #최저가보상
2018-11-14,서울특별시 광진구 구의동 201-3 구의 문,50350501174,751,구의 문,6,"25,000",18:00,"45,000",#쿠폰혜택 #마이룸 #당일예약취소가능 #현장적립 #최저가보상
2018-11-14,서울특별시 광진구 구의동 246-40,50350516280,699,구의 폼,5,"20,000",19:00,"40,000",#현장적립 #최저가보상
2018-11-14,서울특별시 광진구 자양동 657-16 구의 피넛,50350510071,1593,구의 피넛,6,"20,000",18:00,"45,000",#쿠폰혜택 #현장적립 #최저가보상
2018-11-14,서울특별시 광진구 군자동 471-1,50350510040,513,군자 검은나비,4,"15,000",18:00,"35,000",#쿠폰혜택 #마이룸 #현장적립 #최저가보상
2018-11-14,서울특별시 광진구 능동 220-6 군자 몰디브,50350510073,301,군자 몰디브,4,"20,000",19:00,"45,000",#현장적립 #최저가보상
2018-11-14,서울특별시 광진구 군자동 469-18,50350501962,428,군자 아미가,4,"20,000",20:00,"40,000",#쿠폰혜택 #마이룸 #당일예약취소가능 #현장적립 #최저가보상
2018-11-14,서울특별시 광진구 군자동 478-1호 군자 큐,50350501568,658,군자 큐,4,"18,000",18:00,"35,000",#쿠폰혜택 #마이룸
2018-11-14,서울특별시 광진구 군자동 471-16,50350502057,110,군자 투,4,"20,000",20:00,"40,000",#쿠폰혜택 #마이룸 #현장적립 #최저가보상
2018-11-14,서울특별시 금천구 시흥동 888-17,50350515933,8,금천(시흥동) 가림,4,"20,000",20:00,"40,000",#최저가보상
2018-11-14,서울특별시 금천구 시흥동 882-52,50350514390,418,금천(시흥동) 꼬모,6,"20,000",17:00,"40,000",#쿠폰혜택 #당일예약취소가능 #현장적립 #최저가보상
2018-11-14,서울특별시 금천구 시흥동 122-4,50350501033,899,금천(시흥동) 멀티도로시,6,"18,000",17:00,"40,000",#쿠폰혜택 #마이룸 #당일예약취소가능 #현장적립 #최저가보상
2018-11-14,서울특별시 금천구 시흥동 888-14,50350500951,847,금천(시흥동) 반디,6,"20,000",14:00,"40,000",#쿠폰혜택 #마이룸 #당일예약취소가능 #현장적립
2018-11-14,서울특별시 금천구 시흥동 995-40,50350500852,1131,금천(시흥동) 영빈,5,"20,000",17:00,"38,000",#쿠폰혜택 #마이룸 #당일예약취소가능 #현장적립 #최저가보상
2018-11-14,서울특별시 성동구 금호동3가 393,50350516109,124,금호 금호모텔,4,"20,000",19:00,"35,000",#쿠폰혜택 #마이룸 #최저가보상
2018-11-14,서울특별시 성동구 금호동3가 1305-1,50350514739,31,금호 서중모텔,4,"20,000",16:00,"35,000",#쿠폰혜택 #마이룸 #최저가보상
2018-11-14,서울특별시 성동구 금호동3가 1~774 240번지,50350514791,7,금호 스타장,4,"20,000",16:00,"35,000",#쿠폰혜택 #마이룸
2018-11-14,서울특별시 강동구 길동 449-2,50350516495,629,길동 COUPLE,6,"15,000",15:00,"35,000",#쿠폰혜택 #현장적립
2018-11-14,서울특별시 강동구 길동 387-7,24830942,3563,"길동 IMT 1,2",14,"25,000",15:00,"40,000",#쿠폰혜택 #마이룸 #당일예약취소가능 #현장적립 #최저가보상
2018-11-14,서울특별시 강동구 길동 446-2,50350500339,1082,길동 TOP,12,"20,000",18:00,"30,000",#쿠폰혜택 #당일예약취소가능 #현장적립
2018-11-14,서울특별시 강동구 길동 416-17,50350500971,285,길동 그린힐,4,"20,000",15:00,"40,000",#쿠폰혜택 #마이룸 #현장적립 #최저가보상
2018-11-14,서울특별시 강동구 길동 387-14,50350509707,801,길동 러브이즈,8,"17,000",15:00,"35,000",#쿠폰혜택 #마이룸 #현장적립 #최저가보상
2018-11-14,서울특별시 강동구 길동 413-14,24739998,52,길동 보보스,4,"20,000",19:00,"35,000",#쿠폰혜택
2018-11-14,서울특별시 강동구 길동 347-29,50350509699,138,길동 샘(SAM),4,"19,000",15:00,"39,000",#쿠폰혜택 #마이룸 #현장적립
2018-11-14,서울특별시 강동구 길동 416-20,50350500898,1433,길동 쉴,6,"17,000",18:00,"30,000",#쿠폰혜택 #마이룸 #당일예약취소가능 #현장적립
2018-11-14,서울특별시 강동구 길동 386-3,50350509668,256,길동 썸,5,"20,000",18:00,"40,000",#쿠폰혜택 #당일예약취소가능 #현장적립
2018-11-14,서울특별시 강동구 길동 415-18,50350500101,336,길동 아르고,8,"20,000",15:00,"40,000",#쿠폰혜택 #마이룸 #당일예약취소가능 #현장적립 #최저가보상
2018-11-14,서울특별시 강동구 길동 413-51,50350509691,137,길동 오리엔트,6,"15,000",19:00,"35,000",#최저가보상
2018-11-14,서울특별시 강동구 길동 387-11,50350509708,717,길동 윈,7,"20,000",17:00,"40,000",#쿠폰혜택 #당일예약취소가능 #현장적립
2018-11-14,서울특별시 강동구 길동 412-2,50350516846,629,길동 일루와,7,"20,000",18:00,"35,000",#쿠폰혜택 #현장적립
2018-11-14,서울특별시 강동구 길동 413-36,50350509697,6,길동 첼로,4,"20,000",18:00,"35,000",#현장적립
2018-11-14,서울특별시 강동구 길동 388-2,50350500382,1454,길동 투비인,6,"20,000",18:00,"45,000",#쿠폰혜택 #마이룸 #당일예약취소가능 #현장적립 #최저가보상
2018-11-14,서울특별시 구로구 구로동 705-26,50350516200,897,남구로 봄(Bom) 3호점,6,"20,000",16:00,"45,000",#쿠폰혜택 #현장적립 #최저가보상
2018-11-14,서울특별시 중구 예장동 8-44,50350516840,6,남산 Mama,,,15:00,"40,000",#쿠폰혜택 #마이룸 #현장적립
2018-11-14,서울특별시 동작구 노량진동 142-2,50350510323,34,노량진 N,4,"20,000",14:00,"40,000",#쿠폰혜택
2018-11-14,서울특별시 동작구 노량진동 39-34,50350510325,2,노량진 뉴스카이,4,"20,000",19:00,"45,000",#쿠폰혜택
2018-11-14,서울특별시 동작구 노량진동 27-12,50350510324,288,노량진 닉스,4,"20,000",20:00,"40,000",#쿠폰혜택 #최저가보상
2018-11-14,서울특별시 동작구 노량진동 40-46,28152514,43,노량진 대흥,5,"22,000",20:00,"40,000",#쿠폰혜택
2018-11-14,서울특별시 동작구 노량진동 312-34,50350510355,194,노량진 힐링,4,"20,000",21:00,"40,000",#쿠폰혜택 #마이룸 #현장적립
2018-11-14,서울특별시 노원구 상계동 711-9 노원 노블레스 호텔,50350515663,1343,노원 노블레스 호텔,6,"22,500",14:00,"55,000",#쿠폰혜택 #마이룸 #현장적립
2018-11-14,서울특별시 노원구 상계동 708-1,29356541,408,노원 딘(DEAN),6,"25,000",16:00,"50,000",#쿠폰혜택 #현장적립
2018-11-14,서울특별시 노원구 상계동 703 노원 럭스,50350514668,2024,노원 럭스,5,"20,000",14:00,"50,000",#쿠폰혜택 #당일예약취소가능 #현장적립 #최저가보상
2018-11-14,서울특별시 노원구 상계동 702-1,50350501578,391,노원 리츠,4,"30,000",16:00,"60,000",#쿠폰혜택 #현장적립 #최저가보상
2018-11-14,서울특별시 노원구 상계동 703-3 노원 모모,50350518285,9,노원 모모 호텔,4,"20,000",18:00,"50,000",#현장적립 #최저가보상 #신축&리모델링
2018-11-14,서울특별시 노원구 상계동 704-1 노원 브이 모텔,50350515672,2030,노원 브이,5,"17,000",19:00,"40,000",#쿠폰혜택 #현장적립 #최저가보상
2018-11-14,서울특별시 노원구 상계동 706,50350515624,1100,노원 세피아,6,"20,000",17:00,"50,000",#쿠폰혜택 #현장적립
2018-11-14,서울특별시 노원구 상계동 706-1 노원 이프,50350514788,1202,노원 이프(IF),5,"20,000",15:00,"45,000",#쿠폰혜택 #당일예약취소가능 #현장적립 #최저가보상
2018-11-14,서울특별시 노원구 상계동 702-3,50350501519,1145,노원 팰리스,6,"20,000",13:00,"45,000",#쿠폰혜택 #현장적립 #최저가보상
2018-11-14,서울특별시 노원구 상계동 1132-75 노원 카누,50350515784,223,노원(수락산) 카누,3,"20,000",22:00,"40,000",#쿠폰혜택 #현장적립 #최저가보상
2018-11-14,서울특별시 은평구 녹번동 82-43,50350515367,458,녹번 아트,5,"20,000",15:00,"40,000",#쿠폰혜택 #현장적립
2018-11-14,서울특별시 은평구 녹번동 155-40,50350500754,324,녹번 호텔 갤러리,5,"20,000",13:00,"40,000",#쿠폰혜택 #당일예약취소가능 #현장적립 #최저가보상
2018-11-14,서울특별시 강남구 논현동 56-21,50350509656,491,논현 G HOTEL,4,"25,000",17:00,"60,000",#쿠폰혜택 #현장적립 #최저가보상
2018-11-14,서울특별시 강남구 논현동 113-18,50350501950,113,논현 나인,4,"25,000",18:00,"65,000",#쿠폰혜택 #현장적립 #최저가보상
2018-11-14,서울특별시 강남구 논현동 218-25,50350509630,1267,논현 모투,8,"25,000",19:00,"50,000",#쿠폰혜택 #마이룸
2018-11-14,서울특별시 강남구 논현동 118-7,50350502016,345,논현 올인,3,"25,000",18:00,"50,000",#쿠폰혜택 #현장적립 #최저가보상
2018-11-14,서울특별시 강남구 논현동 201-5,50350515953,1693,논현 왈츠,4,"25,000",23:00,"56,000",#쿠폰혜택 #당일예약취소가능 #현장적립
2018-11-14,서울특별시 강남구 논현동 116,50350509657,512,논현 휴,4,"20,000",18:00,"50,000",#쿠폰혜택 #마이룸 #현장적립
2018-11-14,서울특별시 서초구 잠원동 41-4,50350510485,196,논현(논현역) 터미널호텔,5,"25,000",19:00,"55,000",#쿠폰혜택 #현장적립
2018-11-14,서울특별시 강남구 논현동 7-1,25411251,1971,논현(신사) 하이랜드,6,"24,000",14:00,"49,000",#쿠폰혜택 #TOP100 #마이룸 #당일예약취소가능 #현장적립 #최저가보상
2018-11-14,서울특별시 동대문구 답십리동 494-5 답십리 SM 부티크호텔,50350515991,2187,답십리 SM 부티크호텔,7,"20,000",15:00,"40,000",#쿠폰혜택
2018-11-14,서울특별시 동대문구 답십리동 467-2 답십리 그림,1073540771,1174,답십리 그림,6,"20,000",19:00,"35,000",#쿠폰혜택 #마이룸 #현장적립 #최저가보상
2018-11-14,서울특별시 동대문구 답십리동 542-6,50350500725,1060,답십리 밀,8,"20,000",16:00,"30,000",#쿠폰혜택 #마이룸 #당일예약취소가능 #현장적립 #최저가보상
2018-11-14,서울특별시 동대문구 답십리동 952-17,50350500262,1121,답십리 부티크 호텔 K,10,"20,000",15:00,"30,000",#쿠폰혜택 #마이룸 #현장적립 #최저가보상
2018-11-14,서울특별시 동대문구 답십리동 493-3,50350510302,590,답십리 삼호파크,6,"20,000",14:00,"50,000",#쿠폰혜택
2018-11-14,서울특별시 동대문구 답십리동 488-327,222426014,458,답십리 쌍마,6,"20,000",17:00,"32,000",#쿠폰혜택 #마이룸 #현장적립 #최저가보상
2018-11-14,서울특별시 동대문구 답십리동 465-5,50350500765,1598,답십리 칸,5,"20,000",14:00,"35,000",#쿠폰혜택 #마이룸 #당일예약취소가능 #현장적립 #최저가보상
2018-11-14,서울특별시 성동구 용답동 68-2,50350518303,41,답십리 호텔 이노스테이,,,15:00,"60,000",#쿠폰혜택 #현장적립 #최저가보상
2018-11-14,서울특별시 영등포구 당산동5가 16-1,50350510609,575,당산 Hotel K,4,"25,000",18:00,"50,000",#쿠폰혜택
2018-11-14,서울특별시 영등포구 당산동3가 386-7,50350502068,1161,당산 SL(사월),6,"20,000",19:00,"45,000",#쿠폰혜택 #당일예약취소가능 #현장적립 #최저가보상
2018-11-14,서울특별시 영등포구 당산동6가 237-60,50350516926,71,당산 강남모텔,3,"20,000",20:00,"40,000",#쿠폰혜택
2018-11-14,서울특별시 강남구 대치동 891-35,50350515031,1748,대치 컬리넌,4,"25,000",18:00,"65,000",#쿠폰혜택 #당일예약취소가능 #현장적립 #최저가보상
2018-11-14,서울특별시 도봉구 방학동 705-13,50350515962,2530,도봉 HOTEL BAY 204,4,"30,000",14:00,"70,000",#쿠폰혜택 #TOP100 #마이룸 #현장적립 #최저가보상
2018-11-14,서울특별시 도봉구 도봉동 560-16 더데이 호텔,50350515847,1304,도봉 더데이 호텔,5,"30,000",18:00,"55,000",#쿠폰혜택 #현장적립 #최저가보상
2018-11-14,서울특별시 도봉구 도봉동 620-30 도봉(도봉역) 럭스,50350510205,623,도봉(방학역) 럭스,6,"20,000",17:00,"40,000",#쿠폰혜택 #마이룸 #현장적립
2018-11-14,서울특별시 금천구 독산동 973-3,50350510188,10,독산 M,4,"40,000",18:00,"45,000",#쿠폰혜택 #마이룸 #최저가보상
2018-11-14,서울특별시 금천구 독산동 336-28,28832700,5,독산 SI호텔,7,"25,000",16:00,"50,000",
2018-11-14,서울특별시 금천구 독산동 297-12,50350518380,1,독산 대호모텔,3,"20,000",19:00,"35,000",#마이룸
2018-11-14,서울특별시 금천구 독산동 1008-12,50350502134,583,독산 발렌타인,6,"25,556",14:00,"60,000",#쿠폰혜택 #현장적립 #최저가보상
2018-11-14,서울특별시 금천구 독산동 152-10,50350510177,1508,독산 이사벨호텔,5,"30,000",15:00,"60,000",#쿠폰혜택 #TOP100 #현장적립
2018-11-14,서울특별시 금천구 독산동 973-4,50350514793,113,독산 휴,4,"20,000",18:00,"45,000",#쿠폰혜택 #마이룸 #최저가보상
2018-11-14,서울특별시 동대문구 신설동 117-24,50350516265,2088,동대문 다락,5,"20,000",14:00,"45,000",#쿠폰혜택 #TOP100 #마이룸 #현장적립 #최저가보상
2018-11-14,서울특별시 중구 쌍림동 270-2,50350502046,146,동대문 더 디자이너스,3,"27,000",14:00,"112,000",#쿠폰혜택 #현장적립 #최저가보상
2018-11-14,서울특별시 중구 쌍림동 155-1,50350516389,161,동대문 더 디자이너스 DDP,,,14:00,"226,000",#현장적립 #최저가보상
2018-11-14,서울특별시 동대문구 신설동 98-24,50350501976,31,동대문 라마다 앙코르,3,"35,000",15:00,"45,000",#쿠폰혜택 #최저가보상
2018-11-14,서울특별시 중구 을지로6가 18-73,50350510939,1015,동대문 라트리,5,"25,000",18:00,"50,000",#당일예약취소가능 #현장적립 #최저가보상
2018-11-14,서울특별시 종로구 숭인동 1405,50350516371,309,동대문 루미아 호텔,4,"30,000",16:00,"45,000",#쿠폰혜택 #마이룸 #현장적립 #최저가보상
2018-11-14,서울특별시 동대문구 신설동 92-35,50350500858,1402,동대문 부티크나인 (HB9),4,"30,000",15:00,"60,000",#쿠폰혜택 #마이룸 #현장적립 #최저가보상
2018-11-14,서울특별시 중구 을지로5가 274-1,50350518049,0,동대문 에이큐브호텔,,,15:00,"84,500",#현장적립
2018-11-14,서울특별시 중구 광희동1가 150-5,50350502309,617,동대문 트리쉐이드 호텔,3,"25,000",22:00,"85,000",#쿠폰혜택 #현장적립 #최저가보상
2018-11-14,서울특별시 종로구 숭인동 200-23,50350517003,57,동대문(동묘앞) 카라모텔,5,"20,000",20:00,"40,000",#쿠폰혜택 #현장적립
2018-11-14,서울특별시 종로구 창신동 436-73,50350501906,184,동대문(동묘앞역) 바티카,4,"25,000",15:00,"70,000",#당일예약취소가능 #현장적립 #최저가보상
2018-11-14,서울특별시 종로구 숭인동 296-23,50350510843,93,동대문(동묘역앞) 그린파크,6,"20,000",18:00,"45,000",#쿠폰혜택 #마이룸 #최저가보상
2018-11-14,서울특별시 동대문구 신설동 76-57,50350516633,88,동대문(신설동) 몽 모텔,4,"20,000",17:00,"35,000",#쿠폰혜택 #마이룸 #최저가보상
2018-11-14,서울특별시 동작구 상도동 183-16,50350517099,391,동작 뉴욕,4,"18,000",18:00,"38,000",#쿠폰혜택 #마이룸 #최저가보상
2018-11-14,서울특별시 강동구 둔촌동 144-4,50350500515,585,둔촌 S,11,"20,000",15:00,"35,000",#쿠폰혜택 #당일예약취소가능 #현장적립 #최저가보상
2018-11-14,서울특별시 강동구 성내동 417-5,50350500051,33,둔촌 발리 호텔,,,14:00,"60,000",#쿠폰혜택 #현장적립 #최저가보상
2018-11-14,서울특별시 강서구 등촌동 637-9,50350514383,27,등촌 베니키아 서울호텔,,,,,
2018-11-14,서울특별시 성동구 성수동1가 668-122,50350501853,99,뚝섬 서울숲,5,"15,000",17:00,"30,000",#현장적립
2018-11-14,서울특별시 성동구 성수동1가 671-186,50350501997,3,뚝섬 하이눈,,,,,#당일예약취소가능 #최저가보상
2018-11-14,서울특별시 중랑구 망우동 360-6,50350514530,312,망우 공감,6,"15,000",18:00,"30,000",#쿠폰혜택 #마이룸 #당일예약취소가능 #현장적립 #최저가보상
2018-11-14,서울특별시 중랑구 면목동 172-91,50350514781,92,면목 597,5,"20,000",20:00,"35,000",#쿠폰혜택 #현장적립 #최저가보상
2018-11-14,서울특별시 중랑구 면목동 22-15,50350501841,782,면목 CHOI HOTEL,6,"22,000",17:00,"40,000",#쿠폰혜택 #마이룸 #현장적립 #최저가보상
2018-11-14,서울특별시 중랑구 면목동 170-1 170-1,24943992,149,면목 리츠,5,"19,000",18:00,"30,000",#쿠폰혜택 #현장적립 #최저가보상
2018-11-14,서울특별시 중랑구 면목동 191-78,50350516537,32,면목 새롬,3,"18,000",20:00,"33,000",#쿠폰혜택 #현장적립 #최저가보상
2018-11-14,서울특별시 중랑구 면목동 175-47 면목 아미가,50350501959,1062,면목 아미가,4,"20,000",19:00,"35,000",#쿠폰혜택 #마이룸 #당일예약취소가능 #현장적립 #최저가보상
2018-11-14,서울특별시 중랑구 면목동 87-8,50350516677,171,면목 아이존,4,"20,000",19:00,"35,000",#쿠폰혜택 #마이룸
2018-11-14,서울특별시 중구 남창동 205-125,50350514317,83,명동 MUST STAY,3,"20,000",18:00,"60,000",#마이룸 #당일예약취소가능 #현장적립 #최저가보상
2018-11-14,서울특별시 중구 충무로3가 59-22,50350516036,79,명동 New stay inn,4,"20,000",15:00,"60,000",#쿠폰혜택 #마이룸 #현장적립 #최저가보상
2018-11-14,서울특별시 중구 태평로2가 70-2,50350518120,16,명동 빅토리아,4,"25,000",17:00,"50,000",#쿠폰혜택 #현장적립
2018-11-14,서울특별시 중구 북창동 122,50350510878,444,명동 아이린 호텔,3,"25,000",18:00,"60,000",#쿠폰혜택 #현장적립 #최저가보상
2018-11-14,서울특별시 중구 회현동1가 185-2,50350516510,11,명동 킹콩,,,14:00,"55,000",#쿠폰혜택 #현장적립 #최저가보상
2018-11-14,서울특별시 중구 북창동 95,50350515229,314,명동 피넛,3,"18,000",22:00,"60,000",#쿠폰혜택 #현장적립 #최저가보상
2018-11-14,서울특별시 영등포구 양평동3가 30-8,50350514662,1305,목동 G-STAY (구 호텔 조커),4,"20,000",15:00,"39,000",#쿠폰혜택 #마이룸 #최저가보상
2018-11-14,서울특별시 양천구 목동 793-6,226425441,9,목동 갤러리,4,"20,000",18:00,"40,000",#쿠폰혜택 #마이룸 #현장적립
2018-11-14,서울특별시 양천구 신정동 953-1,50350510566,419,목동 메종,4,"20,000",19:00,"40,000",#현장적립
2018-11-14,서울특별시 양천구 목동 406-316,50350500783,858,목동 잠(ZAM),6,"15,000",20:00,"38,000",#쿠폰혜택 #당일예약취소가능 #현장적립
2018-11-14,서울특별시 강북구 미아동 44-29,50350514796,88,미아 9 모텔,4,"17,000",20:00,"38,000",#현장적립
2018-11-14,서울특별시 강북구 미아동 42-206 미아 U,50350501061,490,미아 U,7,"15,000",18:00,"30,000",#쿠폰혜택 #현장적립 #최저가보상
2018-11-14,서울특별시 강북구 미아동 35-30,29898118,234,미아 담스,4,"25,000",18:00,"50,000",#현장적립 #최저가보상
2018-11-14,서울특별시 강북구 미아동 460-55,50350514322,16,미아 벌꿀,4,"15,000",18:00,"30,000",#최저가보상
2018-11-14,서울특별시 강북구 미아동 35-29,50350517221,245,미아 붐,4,"18,000",19:00,"35,000",#쿠폰혜택 #마이룸 #현장적립 #최저가보상
2018-11-14,서울특별시 강북구 미아동 304-16,50350502120,166,미아 블루,7,"17,000",18:00,"30,000",#쿠폰혜택 #현장적립 #최저가보상
2018-11-14,서울특별시 강북구 미아동 42-8,50350502166,246,미아 빅토리아 호텔,9,"25,000",15:00,"45,000",#쿠폰혜택
2018-11-14,서울특별시 강북구 미아동 775-26 미아 샤인,29810815,353,미아 샤인,5,"20,000",19:00,"35,000",#현장적립 #최저가보상
2018-11-14,서울특별시 강북구 미아동 44-4,50350517360,177,미아 썸,6,"18,000",20:00,"35,000",#쿠폰혜택 #마이룸 #최저가보상
2018-11-14,서울특별시 강북구 미아동 44-26 미아 애림,50350517219,16,미아 애림,10,"20,000",18:00,"35,000",#쿠폰혜택 #마이룸 #현장적립 #최저가보상
2018-11-14,서울특별시 강북구 미아동 321-24,50350509797,229,미아 영,4,"17,000",20:00,"30,000",
2018-11-14,서울특별시 강북구 미아동 745-14,50350518253,13,미아 유림,4,"15,000",19:00,"40,000",#쿠폰혜택 #마이룸
2018-11-14,서울특별시 강북구 미아동 745-28,50350509785,26,미아 짝 모텔,3,"20,000",19:00,"35,000",#현장적립
2018-11-14,서울특별시 강북구 미아동 681-37 미아 카누(삼양동사거리),50350514468,974,미아 카누(삼양동사거리),5,"20,000",18:00,"35,000",#쿠폰혜택 #마이룸 #당일예약취소가능 #현장적립 #최저가보상
2018-11-14,서울특별시 강북구 미아동 374-13 미아 테마 모텔,29451166,167,미아 테마 모텔,4,"20,000",18:00,"30,000",#쿠폰혜택 #현장적립
2018-11-14,서울특별시 강북구 미아동 329-70 미아 하야로비 모텔,29881761,847,미아 하야로비 모텔,5,"15,000",19:00,"30,000",#쿠폰혜택 #마이룸 #당일예약취소가능 #최저가보상
2018-11-14,서울특별시 강북구 미아동 136-73,50350500272,47,미아 황금,4,"18,000",21:00,"30,000",#쿠폰혜택 #마이룸 #현장적립
2018-11-14,서울특별시 강북구 미아동 775-31 미아 휴,50350515664,43,미아 휴,3,"20,000",19:00,"30,000",#현장적립 #최저가보상
2018-11-14,서울특별시 강북구 미아동 36-11,50350500617,833,미아삼거리역 달동네,6,"20,000",18:00,"40,000",#쿠폰혜택 #마이룸 #당일예약취소가능 #현장적립 #최저가보상
2018-11-14,서울특별시 강서구 마곡동 795-6,50350515629,550,발산 골든호텔,6,"30,000",19:00,"60,000",#쿠폰혜택 #최저가보상
2018-11-14,서울특별시 서초구 방배동 769-10,50350500095,560,방배 2001,5,"20,000",18:00,"50,000",#마이룸 #당일예약취소가능 #현장적립
2018-11-14,서울특별시 서초구 방배동 811-16,50350501194,254,방배 M,5,"20,000",11:00,"40,000",#쿠폰혜택 #마이룸 #최저가보상
2018-11-14,서울특별시 서초구 방배동 818-22,50350502056,172,방배 S,6,"20,000",18:00,"40,000",#쿠폰혜택 #당일예약취소가능 #최저가보상
2018-11-14,서울특별시 서초구 방배동 768-17,50350517782,308,방배 STYLE,4,"25,000",17:00,"55,000",#쿠폰혜택 #현장적립
2018-11-14,서울특별시 서초구 방배동 793-4,25331583,544,방배 금강,5,"20,000",17:00,"35,000",#쿠폰혜택 #마이룸
2018-11-14,서울특별시 서초구 방배동 751-8,50350510474,342,방배 블루문,5,"20,000",16:00,"30,000",#쿠폰혜택
2018-11-14,서울특별시 서초구 방배동 792-18,25916234,605,방배 오슬로,9,"20,000",17:00,"40,000",#쿠폰혜택 #마이룸 #현장적립 #최저가보상
2018-11-14,서울특별시 서초구 방배동 818-33,50350510473,640,방배 준,6,"20,000",13:00,"35,000",#쿠폰혜택 #마이룸
2018-11-14,서울특별시 영등포구 신길동 482-3,50350515384,444,보라매 봄(Bom) 2호점,6,"20,000",16:00,"50,000",#쿠폰혜택
2018-11-14,서울특별시 은평구 대조동 15-129,50350501552,864,불광 CS,12,"17,777",17:00,"33,333",#쿠폰혜택 #마이룸 #당일예약취소가능 #현장적립 #최저가보상
2018-11-14,서울특별시 은평구 불광동 285-16,50350510716,2232,불광 DU호텔,6,"20,000",16:00,"40,000",#쿠폰혜택 #마이룸 #현장적립
2018-11-14,서울특별시 은평구 대조동 15-25,50350516112,476,불광 G,4,"15,000",19:00,"30,000",#쿠폰혜택 #현장적립
2018-11-14,서울특별시 은평구 대조동 15-174,50350501544,482,불광 M&A,4,"22,000",19:00,"40,000",#쿠폰혜택 #마이룸 #당일예약취소가능 #최저가보상
2018-11-14,서울특별시 은평구 대조동 15-57,50350501897,659,불광 SOL,6,"20,000",18:00,"40,000",#쿠폰혜택 #현장적립 #최저가보상
2018-11-14,서울특별시 은평구 대조동 15-126,50350501561,1286,불광 Y(와이),10,"20,000",16:00,"35,000",#쿠폰혜택 #당일예약취소가능 #현장적립 #최저가보상
2018-11-14,서울특별시 은평구 대조동 15-52,50350500721,970,불광 노블레스,8,"20,000",16:00,"40,000",#쿠폰혜택 #현장적립 #최저가보상
2018-11-14,서울특별시 은평구 대조동 15-56,50350500779,844,불광 라비다 호텔,6,"25,000",16:00,"45,000",#쿠폰혜택 #현장적립
2018-11-14,서울특별시 은평구 녹번동 141-3,50350501288,247,불광 라비야,5,"25,000",17:00,"45,000",#쿠폰혜택 #현장적립 #최저가보상
2018-11-14,서울특별시 은평구 불광동 285-24,50350502073,153,불광 리츠,6,"20,000",18:00,"40,000",#당일예약취소가능 #현장적립 #최저가보상
2018-11-14,서울특별시 은평구 대조동 15-49,50350510720,523,불광 아비숑,10,"20,000",16:00,"35,000",#쿠폰혜택 #현장적립 #최저가보상
2018-11-14,서울특별시 은평구 대조동 15-121,50350515987,179,불광 아테네,4,"15,000",18:00,"30,000",#쿠폰혜택
2018-11-14,서울특별시 은평구 대조동 2-2,50350517936,769,불광 톰+,8,"20,000",15:00,"30,000",#쿠폰혜택 #현장적립
2018-11-14,서울특별시 은평구 대조동 15-133,50350500612,1924,불광 톰지+,8,"20,000",23:00,"36,000",#쿠폰혜택 #당일예약취소가능 #현장적립 #최저가보상
2018-11-14,서울특별시 은평구 대조동 15-84,50350501860,21,불광 티파니,5,"20,000",21:00,"35,000",#쿠폰혜택 #당일예약취소가능 #현장적립
2018-11-14,서울특별시 동작구 사당동 1019-19,50350516227,2541,사당 MRG,6,"18,000",18:00,"40,000",#쿠폰혜택 #마이룸 #현장적립 #최저가보상
2018-11-14,서울특별시 관악구 남현동 602-13,50350516184,1477,사당 램파트,4,"20,000",22:00,"40,000",#쿠폰혜택 #마이룸 #현장적립
2018-11-14,서울특별시 관악구 남현동 602-14,50350509964,1641,사당 메트로21,4,"20,000",22:00,"40,000",#쿠폰혜택 #당일예약취소가능 #현장적립 #최저가보상
2018-11-14,서울특별시 관악구 남현동 602-16,50350500321,2366,사당 베니스,4,"18,000",19:00,"35,000",#쿠폰혜택 #당일예약취소가능 #현장적립 #최저가보상
2018-11-14,서울특별시 관악구 남현동 602-3,50350518102,526,사당 호텔 더 라움,4,"20,000",22:00,"45,000",#쿠폰혜택 #TOP100 #현장적립
2018-11-14,서울특별시 강남구 삼성동 168-16,50350502230,795,삼성 Boutique Hotel XYM,4,"30,000",18:00,"77,000",#쿠폰혜택 #마이룸 #현장적립 #최저가보상
2018-11-14,서울특별시 강남구 삼성동 142-13,50350509625,519,삼성 JS 부띠끄호텔,4,"30,000",14:00,"60,000",#쿠폰혜택 #당일예약취소가능 #현장적립 #최저가보상
2018-11-14,서울특별시 강남구 삼성동 100-3,50350501893,811,삼성 M+,6,"25,000",18:00,"50,000",#쿠폰혜택 #마이룸
2018-11-14,서울특별시 강남구 삼성동 144-7,50350501670,350,삼성 더 디자이너스,5,"30,000",15:00,"99,000",#쿠폰혜택 #현장적립 #최저가보상
2018-11-14,서울특별시 강남구 삼성동 143-25,25631901,1396,삼성 디 에이스,6,"25,000",18:00,"55,000",#쿠폰혜택 #현장적립 #최저가보상
2018-11-14,서울특별시 강남구 삼성동 142-14,50350516645,289,삼성 발리 무인텔,4,"35,000",20:00,"60,000",#쿠폰혜택 #현장적립 #최저가보상 #신축&리모델링
2018-11-14,서울특별시 강남구 삼성동 49-9,25459057,441,삼성 베드스테이션,5,"18,000",15:00,"50,000",#쿠폰혜택 #좋은숙박연구소 #당일예약취소가능 #현장적립 #최저가보상
2018-11-14,서울특별시 강남구 삼성동 142-12,50350514725,522,삼성 캘리포니아,5,"30,000",15:00,"70,000",#쿠폰혜택 #현장적립 #최저가보상
2018-11-14,서울특별시 강남구 삼성동 142-19,50350501391,822,삼성 타라,4,"30,000",16:00,"67,000",#쿠폰혜택 #마이룸
2018-11-14,서울특별시 중랑구 망우동 506-5,50350517066,378,상봉 M,6,"15,000",16:00,"30,000",#쿠폰혜택 #마이룸 #현장적립 #최저가보상
2018-11-14,서울특별시 중랑구 상봉동 89-8,5035052097,8,상봉 Y,7,"20,000",18:00,"35,000",#쿠폰혜택 #마이룸 #현장적립 #최저가보상
2018-11-14,서울특별시 중랑구 상봉동 88-29,50350501698,289,상봉 공감,5,"17,000",19:00,"30,000",#쿠폰혜택 #당일예약취소가능 #현장적립 #최저가보상
2018-11-14,서울특별시 중랑구 상봉동 89-3 상봉 메이,50350500047,1723,상봉 메이,6,"20,000",18:00,"40,000",#쿠폰혜택 #마이룸 #현장적립 #최저가보상
2018-11-14,서울특별시 중랑구 상봉동 89 89,50350514397,1685,상봉 살루트 호텔,6,"20,000",15:00,"45,000",#쿠폰혜택 #당일예약취소가능 #현장적립 #최저가보상
2018-11-14,서울특별시 중랑구 망우동 506-4 상봉 아테네,50350501855,1673,상봉 아테네,7,"18,000",16:00,"30,000",#쿠폰혜택 #마이룸 #최저가보상
2018-11-14,서울특별시 중랑구 망우동 506-12,50350500299,946,상봉 유토피아,6,"20,000",14:00,"40,000",#쿠폰혜택 #마이룸 #당일예약취소가능 #현장적립 #최저가보상
2018-11-14,서울특별시 중랑구 상봉동 90-48,24377737,715,상봉 줌(ZOOM),10,"20,000",17:00,"35,000",#쿠폰혜택 #마이룸 #현장적립 #최저가보상
2018-11-14,서울특별시 중랑구 망우동 508-47,50350514949,1076,상봉 칼튼,6,"20,000",14:00,"40,000",#쿠폰혜택 #당일예약취소가능 #최저가보상
2018-11-14,서울특별시 중랑구 망우동 508-33,50350514400,553,상봉 코지,6,"18,000",14:00,"35,000",#쿠폰혜택 #마이룸 #당일예약취소가능 #현장적립 #최저가보상
2018-11-14,서울특별시 중랑구 상봉동 92-1,50350501189,1046,상봉 테마,5,"25,000",14:00,"55,000",#쿠폰혜택 #당일예약취소가능 #현장적립 #최저가보상
2018-11-14,서울특별시 중랑구 상봉동 115-18,50350516545,740,상봉 테마21,5,"18,000",15:00,"35,000",#쿠폰혜택 #마이룸 #현장적립 #최저가보상
2018-11-14,서울특별시 중랑구 상봉동 88-5번지,50350501977,258,상봉 파레스,5,"18,000",20:00,"35,000",#쿠폰혜택 #마이룸 #현장적립 #최저가보상
2018-11-14,서울특별시 중랑구 망우동 564,50350500821,738,상봉 하이눈,6,"20,000",18:00,"40,000",#쿠폰혜택 #현장적립 #최저가보상
2018-11-14,서울특별시 중랑구 상봉동 89-6,50350502214,1409,상봉 호텔 버스,5,"20,000",16:00,"45,000",#쿠폰혜택 #마이룸 #당일예약취소가능 #현장적립 #최저가보상
2018-11-14,서울특별시 중랑구 상봉동 118-1,50350517927,773,상봉 호텔 피아노,6,"17,000",18:00,"30,000",#쿠폰혜택 #마이룸 #현장적립 #최저가보상
2018-11-14,서울특별시 중랑구 망우동 564-1,50350500024,1886,상봉 호텔스타,6,"25,000",16:00,"50,000",#쿠폰혜택 #TOP100 #마이룸 #현장적립 #최저가보상
2018-11-14,서울특별시 중랑구 상봉동 128-41,50350515109,884,상봉(중랑) 샐몬,8,"20,000",17:00,"40,000",#쿠폰혜택 #마이룸 #현장적립 #최저가보상
2018-11-14,서울특별시 서대문구 냉천동 164,50350510460,455,서대문 테마,4,"20,000",18:00,"50,000",#쿠폰혜택 #마이룸 #현장적립
2018-11-14,서울특별시 관악구 봉천동 868-18,50350501482,1865,서울대입구 54번가,5,"25,000",17:00,"55,000",#쿠폰혜택 #TOP100 #당일예약취소가능 #현장적립 #최저가보상
2018-11-14,서울특별시 관악구 봉천동 856-8,50350500532,396,서울대입구 ZIP,5,"25,000",22:00,"45,000",#쿠폰혜택 #현장적립 #최저가보상
2018-11-14,서울특별시 관악구 봉천동 864-3,28710053,1042,서울대입구 그랜드,3,"15,000",19:00,"30,000",#쿠폰혜택 #마이룸
2018-11-14,서울특별시 관악구 봉천동 1599-6,50350500693,1034,서울대입구 담,5,"25,000",17:00,"45,000",#쿠폰혜택 #현장적립 #최저가보상
2018-11-14,서울특별시 관악구 봉천동 866-4,50350514855,3519,서울대입구 린,6,"20,000",17:00,"40,000",#쿠폰혜택 #마이룸 #당일예약취소가능 #현장적립 #최저가보상
2018-11-14,서울특별시 관악구 봉천동 863-8,50350500483,1418,서울대입구 바이올린.H,6,"20,000",17:00,"45,000",#쿠폰혜택 #당일예약취소가능 #현장적립
2018-11-14,서울특별시 관악구 봉천동 62-24,50350514441,663,서울대입구 본파크 모텔,4,"15,000",16:00,"30,000",#쿠폰혜택 #마이룸 #현장적립 #최저가보상
2018-11-14,서울특별시 관악구 봉천동 854-3,50350517359,535,서울대입구 상상,4,"20,000",18:00,"45,000",#쿠폰혜택 #현장적립
2018-11-14,서울특별시 관악구 봉천동 1599-3,50350500008,2201,서울대입구 수,6,"20,000",17:00,"40,000",#쿠폰혜택 #당일예약취소가능 #현장적립 #최저가보상
2018-11-14,서울특별시 관악구 봉천동 866-3,50350501685,1014,서울대입구 썸,6,"20,000",18:00,"35,000",#당일예약취소가능 #현장적립 #최저가보상
2018-11-14,서울특별시 관악구 봉천동 851-13,50350509959,575,서울대입구 엔젤,6,"15,000",16:00,"35,000",#쿠폰혜택 #현장적립
2018-11-14,서울특별시 관악구 봉천동 1599-5,50350516900,630,서울대입구 테마25시,6,"20,000",15:00,"40,000",#쿠폰혜택 #마이룸 #현장적립
2018-11-14,서울특별시 관악구 봉천동 62-33,50350500009,1378,서울대입구 폭스,6,"20,000",18:00,"40,000",#쿠폰혜택 #당일예약취소가능 #현장적립 #최저가보상
2018-11-14,서울특별시 관악구 봉천동 868-2,50350509943,168,서울대입구 휠,4,"16,000",18:00,"35,000",#쿠폰혜택 #마이룸 #현장적립
2018-11-14,서울특별시 용산구 청파동1가 160-1,50350500888,348,서울역 WO,5,"20,000",19:00,"40,000",#당일예약취소가능 #현장적립 #최저가보상
2018-11-14,서울특별시 용산구 서계동 228-6,50350514763,115,서울역 계림,4,"20,000",18:00,"40,000",#쿠폰혜택 #마이룸 #현장적립 #최저가보상
2018-11-14,서울특별시 용산구 서계동 229-3,50350517293,11,서울역 금강모텔,3,"20,000",18:00,"40,000",#쿠폰혜택 #현장적립
2018-11-14,서울특별시 용산구 갈월동 69-27,50350515513,177,서울역 더 디자이너스,,,15:00,"99,000",#쿠폰혜택 #현장적립 #최저가보상
2018-11-14,서울특별시 중구 남대문로5가 17-7,50350510924,145,서울역 동산,4,"15,000",20:00,"35,000",#쿠폰혜택 #마이룸 #현장적립 #최저가보상
2018-11-14,서울특별시 중구 남대문로5가 17-4,50350514391,1060,서울역 요우커,4,"20,000",19:00,"45,000",#쿠폰혜택 #마이룸 #당일예약취소가능 #현장적립 #최저가보상
2018-11-14,서울특별시 중구 남대문로5가 63-4,50350510959,120,서울역 테마,5,"20,000",18:00,"45,000",#쿠폰혜택 #현장적립 #최저가보상
2018-11-14,서울특별시 서초구 서초동 1593-21,50350514550,677,서초 HOTEL A7,4,"30,000",14:00,"55,000",#쿠폰혜택 #마이룸 #당일예약취소가능
2018-11-14,서울특별시 서초구 서초동 1593-4,50350510486,786,서초 HOTEL ART,5,"28,000",18:00,"50,000",#쿠폰혜택 #당일예약취소가능 #현장적립 #신축&리모델링
2018-11-14,서울특별시 서초구 서초동 1595-7,25829682,845,서초 H호텔,6,"30,000",15:00,"55,000",#쿠폰혜택 #당일예약취소가능 #현장적립 #최저가보상
2018-11-14,서울특별시 서초구 서초동 1595-5,0,726,서초 JASMIN,4,"28,000",15:00,"55,000",#쿠폰혜택 #최저가보상
2018-11-14,서울특별시 서초구 서초동 1595-4,50350516467,1356,서초 L'ARIA(라리아),4,"30,000",18:00,"60,000",#쿠폰혜택 #현장적립
2018-11-14,서울특별시 서초구 서초동 1594-5,50350500114,2391,서초 LAVA,4,"25,000",19:00,"55,000",#쿠폰혜택 #마이룸 #당일예약취소가능 #현장적립 #최저가보상
2018-11-14,서울특별시 서초구 서초동 1594-6,50350500175,597,서초 NINETH,5,"30,000",15:00,"52,000",#쿠폰혜택 #현장적립
2018-11-14,서울특별시 서초구 서초동 1554-12,50350516784,1307,서초 STAY HOTEL,8,"25,000",20:00,"60,000",#쿠폰혜택 #현장적립
2018-11-14,서울특별시 서초구 서초동 1591-6,50350500006,1371,서초 뉴욕,7,"20,000",18:00,"45,000",#쿠폰혜택 #현장적립
2018-11-14,서울특별시 서초구 서초동 1574-8,50350500055,1544,서초 리즈,8,"25,000",17:00,"50,000",#쿠폰혜택 #당일예약취소가능 #현장적립
2018-11-14,서울특별시 서초구 서초동 1593-14,50350500067,2693,서초 오슬로,11,"20,000",15:00,"40,000",#쿠폰혜택 #TOP100 #마이룸 #당일예약취소가능 #현장적립 #최저가보상
2018-11-14,서울특별시 서초구 서초동 1589-4,50350500666,367,서초 유원호텔,6,"20,000",18:00,"48,000",#현장적립
2018-11-14,서울특별시 서초구 서초동 1595-11,50350502373,2526,서초 윤,6,"22,000",18:00,"50,000",#쿠폰혜택 #현장적립
2018-11-14,서울특별시 서초구 서초동 1591-7,50350500468,1938,서초 컬리넌,5,"23,000",18:00,"45,000",#쿠폰혜택 #당일예약취소가능 #현장적립 #최저가보상
2018-11-14,서울특별시 서초구 서초동 1584-8,50350501096,2856,서초 호텔스타 프리미어,6,"23,000",18:00,"55,000",#쿠폰혜택 #현장적립 #최저가보상
2018-11-14,서울특별시 강남구 대치동 890-27,50350500187,2851,선릉 꾸띠,6,"20,000",17:00,"50,000",#쿠폰혜택 #TOP100 #마이룸 #현장적립 #최저가보상
2018-11-14,서울특별시 강남구 삼성동 142-24,50350518312,105,선릉 베드스테이션,5,"25,000",15:00,"55,000",#쿠폰혜택 #마이룸
2018-11-14,서울특별시 강남구 대치동 890-40,50350500331,879,선릉 프린스,6,"23,000",18:00,"55,000",#쿠폰혜택 #현장적립 #최저가보상
2018-11-14,서울특별시 강남구 삼성동 141-21,50350518161,93,선릉 호텔 스타,4,"25,000",19:00,"60,000",#쿠폰혜택 #마이룸 #현장적립
2018-11-14,서울특별시 성북구 석관동 288-3,50350501776,129,성북 리치,4,"20,000",18:00,"30,000",#쿠폰혜택 #당일예약취소가능 #최저가보상
2018-11-14,서울특별시 성북구 석관동 343-18,50350502080,3,성북 준,,,20:00,"33,000",#최저가보상
2018-11-14,서울특별시 성북구 보문동4가 90-2,50350501867,949,성북 피아노,6,"20,000",17:00,"35,000",#쿠폰혜택 #당일예약취소가능 #현장적립 #최저가보상
2018-11-14,서울특별시 성북구 보문동5가 159-3,50350515765,1454,성북 호텔스토리,5,"20,000",20:00,"40,000",#쿠폰혜택 #마이룸 #현장적립
2018-11-14,서울특별시 성북구 석관동 185-42,50350501319,433,성북(석계역) 나비,9,"20,000",18:00,"40,000",#쿠폰혜택 #현장적립 #최저가보상
2018-11-14,서울특별시 성북구 정릉동 824-17,50350514453,269,성북(정릉) 다인,4,"20,000",19:00,"30,000",#쿠폰혜택 #마이룸 #현장적립 #최저가보상
2018-11-14,서울특별시 성북구 하월곡동 90-104,50350517942,45,성북(하월곡동) 코리아나,2,"15,000",18:00,"30,000",#쿠폰혜택 #현장적립 #최저가보상
2018-11-14,서울특별시 성동구 성수동2가 314-38,24645041,287,성수 빅토리아,3,"25,000",17:00,"50,000",#쿠폰혜택 #당일예약취소가능 #현장적립 #최저가보상
2018-11-14,서울특별시 성동구 성수동2가 317-5,50350501647,234,성수 아띠,4,"30,000",15:00,"118,000",#현장적립
2018-11-14,서울특별시 성동구 성수동2가 289-224,50350501113,175,성수 오슬로,4,"20,000",17:00,"40,000",#쿠폰혜택 #당일예약취소가능 #현장적립 #최저가보상
2018-11-14,서울특별시 성동구 성수동2가 204-6,50350518288,52,성수 팰리스,3,"22,000",21:00,"45,000",#쿠폰혜택 #현장적립 #최저가보상
2018-11-14,서울특별시 성북구 동선동1가 119-8,50350516212,3352,성신여대역 Hotel The Artist,4,"25,000",14:00,"55,000",#쿠폰혜택 #TOP100 #마이룸 #현장적립
2018-11-14,서울특별시 성북구 동선동4가 81-2,50350501310,2414,성신여대역 R,5,"20,000",15:00,"40,000",#쿠폰혜택 #마이룸 #당일예약취소가능 #현장적립 #최저가보상
2018-11-14,서울특별시 성북구 동선동4가 85,50350500341,2526,성신여대역 로데오,12,"20,000",11:00,"35,000",#쿠폰혜택 #마이룸 #당일예약취소가능 #현장적립 #최저가보상
2018-11-14,서울특별시 성북구 동선동1가 91,50350515715,5580,성신여대역 리비에르,5,"22,000",14:00,"45,000",#쿠폰혜택 #마이룸 #현장적립 #최저가보상
2018-11-14,서울특별시 성북구 동선동2가 38-2,50350515661,14,성신여대역 블루,5,"20,000",20:00,"35,000",
2018-11-14,서울특별시 성북구 동선동1가 88-1,50350501101,1020,성신여대역 샤미소,6,"22,000",14:00,"45,000",#쿠폰혜택 #마이룸 #현장적립 #최저가보상
2018-11-14,서울특별시 성북구 삼선동5가 407,50350500033,788,성신여대역 소풍,6,"18,000",14:00,"37,000",#쿠폰혜택 #당일예약취소가능 #현장적립 #최저가보상
2018-11-14,서울특별시 성북구 동선동1가 92-7,50350514363,1712,성신여대역 아이비,5,"18,000",18:00,"35,000",#쿠폰혜택 #마이룸 #현장적립 #최저가보상
2018-11-14,서울특별시 성북구 동선동1가 85-76,50350517996,165,성신여대역 천일,5,"17,000",20:00,"20,000",#쿠폰혜택
2018-11-14,서울특별시 성북구 동소문동5가 59-4,50350500232,2618,성신여대역 탑텔,6,"20,000",13:00,"40,000",#쿠폰혜택 #당일예약취소가능 #현장적립 #최저가보상
2018-11-14,서울특별시 성북구 삼선동4가 351-1,50350500802,2879,성신여대역 파라오,6,"20,000",13:00,"38,900",#쿠폰혜택 #현장적립
2018-11-14,서울특별시 성북구 동선동1가 2-10,50350501208,2524,성신여대역 파브,6,"25,000",20:00,"40,000",#쿠폰혜택 #현장적립 #최저가보상
2018-11-14,서울특별시 송파구 삼전동 69-16,50350510535,139,송파(삼전동) 휴,4,"25,000",18:00,"50,000",#당일예약취소가능 #현장적립
2018-11-14,서울특별시 강북구 수유동 45-63,50350509719,863,수유 34번가,7,"15,000",15:00,"20,000",#쿠폰혜택 #마이룸 #최저가보상
2018-11-14,서울특별시 강북구 수유동 90-9 수유 4월 2일,29805550,2719,수유 4월 2일,12,"20,000",12:00,"30,000",#쿠폰혜택 #TOP100 #현장적립 #최저가보상
2018-11-14,서울특별시 강북구 번동 446-49,50350501577,2109,수유 CF(씨에프),10,"18,000",14:00,"30,000",#쿠폰혜택 #마이룸 #당일예약취소가능 #현장적립 #최저가보상
2018-11-14,서울특별시 강북구 수유동 81-8 수유 DU(하이),50350509752,0,수유 DU(하이),6,"15,000",18:00,"27,000",#마이룸
2018-11-14,서울특별시 강북구 번동 446-59 수유 L,50350518330,149,수유 L (엘),5,"20,000",20:00,"25,000",#쿠폰혜택 #마이룸 #현장적립
2018-11-14,서울특별시 강북구 번동 446-58 수유 M,50350500953,2816,수유 M (엠),9,"20,000",14:00,"40,000",#쿠폰혜택 #TOP100 #마이룸 #당일예약취소가능 #현장적립 #최저가보상
2018-11-14,서울특별시 강북구 번동 446-62,50350501099,695,수유 글로리아,5,"15,000",14:00,"25,000",#쿠폰혜택 #현장적립 #최저가보상
2018-11-14,서울특별시 강북구 수유동 223-6 수유 뉴캐슬,29028800,257,수유 뉴캐슬,12,"18,000",18:00,"30,000",#쿠폰혜택 #현장적립 #최저가보상
2018-11-14,서울특별시 강북구 번동 446-48 수유 다니엘 캄파넬라,29066383,2391,수유 디자인호텔 다니엘 캄파넬라,4,"20,000",14:00,"45,000",#쿠폰혜택 #당일예약취소가능 #현장적립 #최저가보상
2018-11-14,서울특별시 강북구 번동 446-55 수유 LUSH,50350500528,964,수유 러쉬(LUSH),8,"20,000",16:00,"40,000",#쿠폰혜택 #마이룸 #당일예약취소가능 #현장적립 #최저가보상
2018-11-14,서울특별시 강북구 수유동 90-3 수유 루시,50350515742,1391,수유 루시,10,"15,000",18:00,"30,000",#현장적립 #최저가보상
2018-11-14,서울특별시 강북구 수유동 229-52,50350500190,919,수유 르씨엘,6,"18,000",18:00,"35,000",#쿠폰혜택 #현장적립 #최저가보상
2018-11-14,서울특별시 강북구 수유동 229-51 수유 리젠트,50350509760,346,수유 리젠트,4,"17,000",19:00,"30,000",#쿠폰혜택 #현장적립
2018-11-14,서울특별시 강북구 번동 446-28,50350500835,251,수유 리츠,4,"15,000",20:00,"25,000",#현장적립 #최저가보상
2018-11-14,서울특별시 강북구 수유동 48-26,50350501159,2290,수유 리치 (RICH),11,"15,000",10:00,"30,000",#쿠폰혜택 #마이룸 #현장적립 #최저가보상
2018-11-14,서울특별시 강북구 수유동 274-1 수유 리치 다이아몬드,29059131,2406,수유 리치 다이아몬드,5,"22,500",14:00,"56,000",#쿠폰혜택 #TOP100 #마이룸 #당일예약취소가능 #현장적립 #최저가보상
2018-11-14,서울특별시 강북구 수유동 45-52 수유 마이(MY) 호텔,50350517881,614,수유 마이(MY) 호텔,4,"20,000",18:00,"35,000",#쿠폰혜택 #현장적립 #최저가보상
2018-11-14,서울특별시 강북구 수유동 47-23 수유 메리엘,50350500302,2196,수유 메리엘,4,"20,000",18:00,"40,000",#TOP100 #당일예약취소가능 #현장적립 #최저가보상
2018-11-14,서울특별시 강북구 수유동 48-81 수유 명품,50350501910,415,수유 명품,10,"15,000",12:00,"26,000",#쿠폰혜택 #현장적립
2018-11-14,서울특별시 강북구 수유동 191-30,50350509737,13,수유 몽,4,"17,000",18:00,"40,000",
2018-11-14,서울특별시 강북구 수유동 191-22,50350515520,656,수유 문,6,"17,000",16:00,"30,000",#쿠폰혜택 #마이룸 #현장적립 #최저가보상
2018-11-14,서울특별시 강북구 수유동 90-4,50350501450,458,수유 미라지,6,"20,000",17:00,"35,000",#쿠폰혜택 #현장적립 #최저가보상
2018-11-14,서울특별시 강북구 수유동 45-65 45-65,50350515166,796,수유 뷰,4,"15,000",18:00,"30,000",#쿠폰혜택 #마이룸 #현장적립
2018-11-14,서울특별시 강북구 수유동 87-1 수유 세시봉,50350500738,353,수유 세시봉,4,"20,000",17:00,"25,000",#쿠폰혜택 #당일예약취소가능 #현장적립 #최저가보상
2018-11-14,서울특별시 강북구 번동 418-5 수유 솔리드 호텔,50350509812,347,수유 솔리드 호텔,5,"30,000",15:00,"50,000",#쿠폰혜택 #현장적립 #최저가보상
2018-11-14,서울특별시 강북구 번동 449-20 수유 써클,50350509723,947,수유 써클,5,"19,000",19:00,"31,000",#쿠폰혜택 #현장적립 #최저가보상
2018-11-14,서울특별시 강북구 번동 446-70,29901500,1171,수유 아지트,6,"20,000",18:00,"35,000",#쿠폰혜택 #마이룸 #현장적립 #최저가보상
2018-11-14,서울특별시 강북구 수유동 104-2 수유 아테네,50350501012,3773,수유 아테네,10,"15,000",15:00,"27,000",#쿠폰혜택 #당일예약취소가능 #현장적립 #최저가보상
2018-11-14,서울특별시 강북구 수유동 229-53,50350509759,571,수유 에이플러스(A+),4,"20,000",21:00,"40,000",#마이룸 #현장적립
2018-11-14,서울특별시 강북구 번동 446-3 수유 여우,50350515247,949,수유 여우,6,"20,000",18:00,"40,000",#쿠폰혜택 #마이룸 #현장적립 #최저가보상
2018-11-14,서울특별시 강북구 수유동 570-3,29053957,94,수유 영 호텔,4,"20,000",20:00,"40,000",#현장적립 #최저가보상
2018-11-14,서울특별시 강북구 수유동 570-3,50350501503,2700,수유 오투,12,"20,000",19:00,"30,000",#쿠폰혜택 #마이룸 #현장적립 #최저가보상
2018-11-14,서울특별시 강북구 번동 446-29,50350501094,483,수유 윈저,5,"15,000",18:00,"25,000",#쿠폰혜택 #당일예약취소가능 #현장적립 #최저가보상
2018-11-14,서울특별시 강북구 수유동 230-24,50350500857,496,수유 윈저주니어,10,"15,000",18:00,"30,000",#쿠폰혜택 #현장적립
2018-11-14,서울특별시 강북구 수유동 94-1,50350509729,1388,수유 쟈스민,6,"20,000",19:00,"35,000",#쿠폰혜택 #마이룸 #당일예약취소가능 #현장적립 #최저가보상
2018-11-14,서울특별시 강북구 수유동 90-13 수유 조이,50350517614,389,수유 조이,10,"20,000",19:00,"25,000",#쿠폰혜택 #마이룸 #당일예약취소가능 #현장적립 #최저가보상
2018-11-14,서울특별시 강북구 번동 446-39,50350514942,825,수유 짝,8,"20,000",19:00,"28,000",#쿠폰혜택 #마이룸 #현장적립 #최저가보상
2018-11-14,서울특별시 강북구 수유동 191-60 수유 카누,50350509765,865,수유 카누,4,"20,000",20:00,"40,000",#쿠폰혜택 #현장적립
2018-11-14,서울특별시 강북구 수유동 87-5 수유 캔디,50350500520,4068,수유 캔디,11,"14,000",11:00,"27,000",#쿠폰혜택 #당일예약취소가능 #현장적립 #최저가보상
2018-11-14,서울특별시 강북구 번동 446-27 수유 코오자자,50350501553,1077,수유 코오자자,5,"15,000",18:00,"33,000",#쿠폰혜택 #당일예약취소가능 #현장적립 #최저가보상
2018-11-14,서울특별시 강북구 번동 446-6,50350500843,3267,수유 파티오,8,"17,000",20:00,"29,000",#쿠폰혜택 #마이룸 #당일예약취소가능 #현장적립
2018-11-14,서울특별시 강북구 수유동 50-67,29886952,86,수유 팜비치,4,"15,000",18:00,"25,000",#현장적립
2018-11-14,서울특별시 강북구 수유동 7-13 퍼니 모텔,29073088,213,수유 퍼니(FUNNY),4,"17,000",18:00,"30,000",#현장적립
2018-11-14,서울특별시 강북구 번동 446-65 포시즌 모텔,50350509798,452,수유 포시즌 호텔,6,"18,000",13:00,"35,000",#쿠폰혜택 #현장적립
2018-11-14,서울특별시 강북구 미아동 160-41 수유 피아노,50350500018,3503,수유 피아노,6,"15,000",17:00,"30,000",#쿠폰혜택 #TOP100 #마이룸 #현장적립
2018-11-14,서울특별시 강북구 번동 446-42,29913650,180,수유 호텔 365,5,"18,000",18:00,"33,000",#쿠폰혜택 #현장적립 #최저가보상 #신축&리모델링
2018-11-14,서울특별시 강북구 수유동 47-63 수유 호텔 수,50350500470,2981,수유 호텔 수,6,"20,000",18:00,"28,000",#쿠폰혜택 #마이룸 #현장적립
2018-11-14,서울특별시 강북구 미아동 189-1 189-1,29895109,969,수유(미아) 첼로,4,"18,000",13:00,"25,000",#쿠폰혜택 #마이룸 #현장적립 #최저가보상
2018-11-14,서울특별시 강북구 미아동 189-27 포유 모텔,50350515970,1234,수유(미아) 포유,5,"15,000",17:00,"30,000",#쿠폰혜택 #마이룸 #현장적립 #최저가보상
2018-11-14,서울특별시 강북구 우이동 12-4 수유(우이동) 문,50350509773,5,수유(우이동) 문,4,"20,000",18:00,"40,000",#쿠폰혜택 #마이룸 #현장적립
2018-11-14,서울특별시 강북구 우이동 14-1 수유(우이동) 인수,50350509774,6,수유(우이동) 인수,4,"20,000",18:00,"40,000",#쿠폰혜택 #마이룸 #현장적립
2018-11-14,서울특별시 용산구 갈월동 89-14,50350501025,173,숙대 WO,5,"20,000",19:00,"40,000",#현장적립 #최저가보상
2018-11-14,서울특별시 중구 무학동 33,50350514607,110,신당 A,3,"17,901",19:00,"45,000",#쿠폰혜택 #현장적립 #최저가보상
2018-11-14,서울특별시 중구 무학동 59-2,50350510992,73,신당 TOP(탑),3,"20,000",19:00,"45,000",#쿠폰혜택 #현장적립 #최저가보상
2018-11-14,서울특별시 중구 흥인동 110,50350516826,264,신당 레인보우 호텔,4,"30,000",20:00,"60,000",#현장적립 #최저가보상
2018-11-14,서울특별시 중구 황학동 823,50350500586,25,신당 리오,7,"17,000",18:00,"42,000",#쿠폰혜택 #마이룸 #당일예약취소가능 #현장적립 #최저가보상
2018-11-14,서울특별시 중구 신당동 432-2241,50350500184,2072,신당 벤허,5,"20,000",16:00,"45,000",#쿠폰혜택 #마이룸 #당일예약취소가능 #현장적립 #최저가보상
2018-11-14,서울특별시 중구 황학동 2504,50350501253,951,신당 크리스티호텔,4,"25,000",20:00,"55,000",#쿠폰혜택 #마이룸 #당일예약취소가능 #현장적립 #최저가보상
2018-11-14,서울특별시 구로구 구로동 44-2,50350501142,1288,신도림 M7,5,"28,000",17:00,"46,000",#쿠폰혜택 #당일예약취소가능 #현장적립
2018-11-14,서울특별시 구로구 구로동 44-10,50350510102,756,신도림 나인(NINE),5,"22,000",18:00,"40,000",#쿠폰혜택 #마이룸 #당일예약취소가능 #현장적립 #최저가보상
2018-11-14,서울특별시 구로구 구로동 43-12,50350514499,432,신도림 베르투(VER.2),4,"30,000",19:00,"55,000",#쿠폰혜택 #마이룸 #현장적립
2018-11-14,서울특별시 관악구 신림동 1474-11,50350516090,170,신림 CS Premier,3,"33,000",15:00,"66,000",#쿠폰혜택 #현장적립
2018-11-14,서울특별시 관악구 신림동 1569-5,50350515028,1381,신림 HOTEL 어반,6,"25,000",18:00,"65,000",#쿠폰혜택 #마이룸 #좋은숙박연구소 #현장적립
2018-11-14,서울특별시 관악구 신림동 1421-22,50350500680,2503,신림 K2,6,"20,000",18:00,"40,000",#쿠폰혜택 #마이룸 #당일예약취소가능 #현장적립 #최저가보상
2018-11-14,서울특별시 관악구 신림동 1422-20,50350500378,974,신림 M,4,"18,000",20:00,"34,000",#쿠폰혜택 #마이룸 #당일예약취소가능 #현장적립 #최저가보상
2018-11-14,서울특별시 관악구 신림동 1421-42,50350514398,466,신림 국일,3,"17,000",15:00,"27,000",#쿠폰혜택 #현장적립 #최저가보상
2018-11-14,서울특별시 관악구 신림동 1422-18,50350501639,426,신림 나이스타임,5,"30,000",17:00,"50,000",#현장적립 #최저가보상
2018-11-14,서울특별시 관악구 신림동 1432-10,50350509986,292,신림 더스토리,4,"15,000",18:00,"30,000",#쿠폰혜택 #마이룸 #당일예약취소가능 #현장적립 #최저가보상
2018-11-14,서울특별시 관악구 신림동 526-7,50350515978,821,신림 도미니크,6,"25,000",15:00,"45,000",#쿠폰혜택 #마이룸 #현장적립 #최저가보상
2018-11-14,서울특별시 관악구 신림동 1421-18,50350500206,4959,신림 돈키호텔(구 신림 SHOW),8,"18,000",14:00,"35,000",#쿠폰혜택 #TOP100 #마이룸 #당일예약취소가능 #현장적립 #최저가보상
2018-11-14,서울특별시 관악구 신림동 1433-37,50350515155,41,신림 동연모텔,3,"30,000",22:00,"35,000",#쿠폰혜택 #마이룸
2018-11-14,서울특별시 관악구 신림동 1433-123,50350515594,576,신림 뜨랑블루,6,"30,000",17:00,"55,000",#쿠폰혜택 #최저가보상
2018-11-14,서울특별시 관악구 신림동 1422-9,50350517271,2818,신림 루쏘,6,"20,000",18:00,"40,000",#쿠폰혜택 #마이룸 #당일예약취소가능 #현장적립 #최저가보상
2018-11-14,서울특별시 관악구 신림동 1422-34,28781055,1000,신림 르네상스,6,"20,000",17:00,"40,000",#쿠폰혜택 #당일예약취소가능 #현장적립 #최저가보상
2018-11-14,서울특별시 관악구 신림동 1425-30,50350500878,3106,신림 릴,6,"18,000",17:00,"35,000",#쿠폰혜택 #마이룸 #현장적립 #최저가보상
2018-11-14,서울특별시 관악구 신림동 1433-98,50350509937,818,신림 박스도로시,5,"20,000",18:00,"40,000",#쿠폰혜택 #현장적립 #최저가보상
2018-11-14,서울특별시 관악구 신림동 1422-14,50350509998,83,신림 볼륨,7,"20,000",18:00,"35,000",#쿠폰혜택 #현장적립 #최저가보상
2018-11-14,서울특별시 관악구 신림동 1526-4,50350514537,555,신림 봄(Bom) 1호점,6,"12,000",15:00,"40,000",#쿠폰혜택 #당일예약취소가능 #현장적립 #최저가보상
2018-11-14,서울특별시 관악구 신림동 1421-47,28771925,2999,신림 신트라,6,"25,000",14:00,"45,000",#쿠폰혜택 #당일예약취소가능 #현장적립 #최저가보상
2018-11-14,서울특별시 관악구 신림동 1639-34,50350509932,44,신림 아이리스,4,"17,000",19:00,"30,000",#쿠폰혜택 #마이룸
2018-11-14,서울특별시 관악구 신림동 1433-105,50350516958,68,신림 에로스,4,"20,000",20:00,"35,000",#쿠폰혜택
2018-11-14,서울특별시 관악구 신림동 1423-17,50350500655,1985,신림 웰,5,"20,000",18:00,"40,000",#쿠폰혜택 #TOP100 #당일예약취소가능 #현장적립 #최저가보상
2018-11-14,서울특별시 관악구 신림동 1433-109,50350514309,724,신림 유토피아,5,"20,000",17:00,"37,000",#쿠폰혜택 #마이룸 #현장적립 #최저가보상
2018-11-14,서울특별시 관악구 신림동 1431-42,50350509985,693,신림 조이,4,"18,000",18:00,"30,000",#쿠폰혜택 #마이룸 #현장적립 #최저가보상
2018-11-14,서울특별시 관악구 신림동 1423-22,50350500604,2134,신림 짝,5,"20,000",18:00,"39,000",#쿠폰혜택 #당일예약취소가능 #현장적립 #최저가보상
2018-11-14,서울특별시 관악구 신림동 1432-100,50350510005,302,신림 캐슬,4,"20,000",17:00,"33,000",#쿠폰혜택 #마이룸 #현장적립
2018-11-14,서울특별시 관악구 신림동 1431-34,50350509968,184,신림 쿨,5,"18,000",19:00,"35,000",#쿠폰혜택 #당일예약취소가능 #최저가보상
2018-11-14,서울특별시 관악구 신림동 1422-19,50350514421,7,신림 퀸,4,"20,000",18:00,"35,000",#쿠폰혜택 #마이룸 #현장적립 #최저가보상
2018-11-14,서울특별시 관악구 신림동 1423-2,50350501802,967,신림 타워,6,"20,000",18:00,"35,000",#쿠폰혜택 #당일예약취소가능 #현장적립 #최저가보상
2018-11-14,서울특별시 관악구 신림동 1422-49,50350501894,426,신림 태평,5,"16,000",18:00,"35,000",#쿠폰혜택 #현장적립 #최저가보상
2018-11-14,서울특별시 관악구 신림동 1422-31,50350500215,1776,신림 포도,6,"20,000",18:00,"45,000",#쿠폰혜택 #현장적립 #최저가보상
2018-11-14,서울특별시 관악구 신림동 1421-13,50350509999,342,신림 허니,3,"15,000",18:00,"33,000",#쿠폰혜택 #마이룸 #현장적립
2018-11-14,서울특별시 관악구 신림동 1639-65,50350509994,118,신림 홀리데이,4,"18,000",18:00,"35,000",#쿠폰혜택 #마이룸 #최저가보상
2018-11-14,서울특별시 관악구 신림동 1567-16,50350516885,34,신림(신대방) 사이버,4,"20,000",18:00,"40,000",
2018-11-14,서울특별시 서초구 잠원동 14-14,50350502362,332,신사 LA TREE(라 트리),6,"30,000",16:00,"60,000",#쿠폰혜택 #현장적립 #최저가보상
2018-11-14,서울특별시 강남구 신사동 502-7,50350517523,95,신사 짝,6,"30,000",21:00,"67,000",#쿠폰혜택 #현장적립
2018-11-14,서울특별시 서초구 잠원동 15-1,50350514971,905,신사 하이웨이,4,"25,000",16:00,"50,000",#쿠폰혜택 #현장적립 #최저가보상
2018-11-14,서울특별시 양천구 신정동 1182-8,226032217,6,신정 금호,6,"20,000",18:00,"30,000",#현장적립
2018-11-14,서울특별시 송파구 잠실동 179,50350517783,36,신천 A+,5,"20,000",14:00,"50,000",#쿠폰혜택 #마이룸 #당일예약취소가능 #현장적립 #최저가보상 #신축&리모델링
2018-11-14,서울특별시 송파구 잠실동 180-7,50350510549,3612,신천 FORESTAR 1 (포레스타 1호점),5,"25,000",15:00,"56,000",#쿠폰혜택 #TOP100 #마이룸 #당일예약취소가능 #현장적립 #최저가보상
2018-11-14,서울특별시 송파구 잠실동 180-3,24129990,930,신천 FORESTAR 2 (포레스타 2호점),5,"25,000",15:00,"56,000",#쿠폰혜택 #마이룸 #현장적립 #최저가보상
2018-11-14,서울특별시 송파구 잠실동 208-9,50350501642,3325,신천 HUB,10,"20,000",18:00,"35,000",#쿠폰혜택 #당일예약취소가능 #현장적립
2018-11-14,서울특별시 송파구 잠실동 184-20,50350500177,634,신천 MW,6,"20,000",16:00,"45,000",#쿠폰혜택 #현장적립 #최저가보상
2018-11-14,서울특별시 송파구 잠실동 176-1,50350500392,1326,신천 다비드,,,,,#당일예약취소가능 #현장적립
2018-11-14,서울특별시 송파구 잠실동 184-18,50350510550,1259,신천 라몬,6,"18,000",17:00,"35,000",#쿠폰혜택 #현장적립 #최저가보상
2018-11-14,서울특별시 송파구 잠실동 182,24201196,1809,신천 라비앙호텔,5,"20,000",14:00,"50,000",#쿠폰혜택 #당일예약취소가능 #현장적립 #최저가보상
2018-11-14,서울특별시 송파구 잠실동 184-16,50350500298,3560,신천 로즈마리,5,"18,000",18:00,"40,000",#쿠폰혜택 #TOP100 #마이룸 #당일예약취소가능 #현장적립 #최저가보상
2018-11-14,서울특별시 송파구 잠실동 183-6,50350501130,693,신천 마쯔,5,"15,000",21:00,"30,000",#쿠폰혜택 #당일예약취소가능 #현장적립 #최저가보상
2018-11-14,서울특별시 송파구 잠실동 193-1,50350500318,251,신천 상주,,,,,#당일예약취소가능 #현장적립 #최저가보상
2018-11-14,서울특별시 송파구 잠실동 181-19,50350500119,1500,신천 식스티,5,"20,000",19:00,"45,000",#쿠폰혜택 #당일예약취소가능 #현장적립 #최저가보상
2018-11-14,서울특별시 송파구 잠실동 178-1,50350500930,1236,신천 아이,10,"20,000",18:00,"45,000",#쿠폰혜택 #당일예약취소가능 #현장적립 #최저가보상
2018-11-14,서울특별시 송파구 잠실동 179-1,50350517526,132,신천 엔유(NU),7,"20,000",16:00,"45,000",#쿠폰혜택
2018-11-14,서울특별시 송파구 잠실동 184-24,50350510553,803,신천 윈(WYNN),5,"23,000",19:00,"45,000",#쿠폰혜택 #당일예약취소가능 #현장적립
2018-11-14,서울특별시 송파구 잠실동 183-7,24131561,1462,신천 자미아,5,"16,000",17:00,"35,000",#쿠폰혜택 #마이룸 #당일예약취소가능 #현장적립 #최저가보상
2018-11-14,서울특별시 송파구 잠실동 181-20,50350500015,989,신천 테레즈 호텔,5,"20,000",18:00,"45,000",#쿠폰혜택 #당일예약취소가능 #현장적립 #최저가보상
2018-11-14,서울특별시 송파구 잠실동 181-12,50350500072,1199,신천 퍼니,5,"20,000",18:00,"45,000",#쿠폰혜택 #당일예약취소가능 #현장적립 #최저가보상
2018-11-14,서울특별시 송파구 잠실동 176-9,50350501801,779,신천 폼(FORM),6,"25,000",18:00,"50,000",#쿠폰혜택 #현장적립 #최저가보상
2018-11-14,서울특별시 송파구 잠실동 184-17,50350500281,546,신천 플러스,5,"18,000",20:00,"40,000",#쿠폰혜택 #당일예약취소가능 #현장적립 #최저가보상
2018-11-14,서울특별시 송파구 잠실동 177,50350500086,1746,신천 히트,5,"20,000",16:00,"39,000",#쿠폰혜택 #마이룸 #당일예약취소가능 #현장적립 #최저가보상
2018-11-14,서울특별시 서대문구 창천동 20-37,50350500217,2177,신촌 A+ (구 ROCK),7,"20,000",18:00,"35,000",#쿠폰혜택 #좋은숙박연구소 #현장적립
2018-11-14,서울특별시 마포구 노고산동 106-9 신촌 ATnoon(앳눈),50350501521,1351,신촌 ATnoon(앳눈),6,"20,000",17:00,"40,000",#쿠폰혜택 #마이룸 #현장적립 #최저가보상
2018-11-14,서울특별시 서대문구 창천동 29-65,50350516263,1073,신촌 Chic(쉬크),7,"18,000",18:00,"36,000",#쿠폰혜택 #현장적립 #최저가보상
2018-11-14,서울특별시 서대문구 창천동 29-36,50350500493,1298,신촌 Cindy(신디),8,"20,000",14:00,"40,000",#쿠폰혜택 #당일예약취소가능 #현장적립 #최저가보상
2018-11-14,서울특별시 서대문구 창천동 29-64,50350500032,754,신촌 d,5,"20,000",18:00,"40,000",#쿠폰혜택 #현장적립
2018-11-14,서울특별시 서대문구 대현동 110-35,50350500264,2830,신촌 Ditto(디토),8,"20,000",15:00,"45,000",#쿠폰혜택 #당일예약취소가능 #현장적립 #최저가보상
2018-11-14,서울특별시 서대문구 창천동 29-26 신촌 포레스타,50350510451,404,신촌 FORESTAR(포레스타),5,"30,000",18:00,"60,000",#쿠폰혜택 #TOP100 #현장적립
2018-11-14,서울특별시 서대문구 대현동 104-56,50350500169,354,신촌 HIP,4,"20,000",21:00,"55,600",#쿠폰혜택 #현장적립
2018-11-14,서울특별시 마포구 노고산동 106-54,50350516837,881,신촌 Hotel Ludi (루디),5,"20,000",22:00,"37,000",#쿠폰혜택 #현장적립 #최저가보상
2018-11-14,서울특별시 마포구 노고산동 106-62 신촌 M,50350500250,2463,신촌 M,8,"20,000",15:00,"40,000",#쿠폰혜택 #마이룸 #당일예약취소가능 #현장적립 #최저가보상
2018-11-14,서울특별시 서대문구 창천동 20-40,50350500426,2085,신촌 MAC(맥),5,"20,000",16:00,"42,000",#쿠폰혜택 #당일예약취소가능 #현장적립 #최저가보상
2018-11-14,서울특별시 서대문구 창천동 13-68,50350501986,554,신촌 MONET(모네),6,"19,000",18:00,"38,000",#쿠폰혜택 #현장적립 #최저가보상
2018-11-14,서울특별시 서대문구 창천동 13-66,50350501522,2030,신촌 NOL(놀),8,"15,000",17:00,"35,000",#쿠폰혜택 #당일예약취소가능 #현장적립 #최저가보상
2018-11-14,서울특별시 마포구 노고산동 106-41,50350502172,127,신촌 Q,4,"15,000",18:00,"35,000",#쿠폰혜택 #당일예약취소가능 #최저가보상
2018-11-14,서울특별시 마포구 노고산동 109-154 신촌 S,50350500181,1753,신촌 S,7,"20,000",16:00,"40,000",#쿠폰혜택 #당일예약취소가능 #현장적립 #최저가보상
2018-11-14,서울특별시 마포구 노고산동 106-46,50350517949,233,신촌 Y,5,"22,000",18:00,"39,900",#쿠폰혜택 #현장적립 #최저가보상
2018-11-14,서울특별시 서대문구 창천동 29-41,50350500764,4170,신촌 가을,5,"23,000",18:00,"45,000",#쿠폰혜택 #마이룸 #현장적립 #최저가보상
2018-11-14,서울특별시 마포구 노고산동 106-77 신촌 고구마,50350501767,314,신촌 고구마,9,"19,500",21:00,"33,500",#쿠폰혜택 #마이룸 #당일예약취소가능 #현장적립 #최저가보상
2018-11-14,서울특별시 마포구 노고산동 109-91,27178104,539,신촌 공감,5,"15,000",14:00,"27,000",#쿠폰혜택 #마이룸 #당일예약취소가능 #현장적립 #최저가보상
2018-11-14,서울특별시 서대문구 대현동 101-17,50350517052,62,신촌 궁전호스텔,,,18:00,"40,000",
2018-11-14,서울특별시 서대문구 창천동 29-111,50350510450,915,신촌 그랜드,10,"15,000",20:00,"38,000",#쿠폰혜택 #당일예약취소가능 #현장적립 #최저가보상
2018-11-14,서울특별시 서대문구 창천동 29-52,50350500501,1548,신촌 나인스타,5,"23,000",20:00,"45,000",#쿠폰혜택 #TOP100 #현장적립 #최저가보상
2018-11-14,서울특별시 서대문구 창천동 13-69,50350501898,699,신촌 데이지,5,"17,000",18:00,"35,000",#쿠폰혜택 #당일예약취소가능 #현장적립 #최저가보상
2018-11-14,서울특별시 마포구 노고산동 107-35 신촌 도로시,50350518042,603,신촌 도로시,8,"19,500",21:00,"34,500",#쿠폰혜택 #현장적립
2018-11-14,서울특별시 마포구 노고산동 106-15 신촌 라뉘호텔,50350510391,978,신촌 라뉘(Lanuit),4,"25,000",20:00,"49,100",#쿠폰혜택 #TOP100 #현장적립
2018-11-14,서울특별시 마포구 노고산동 109-80,50350510384,277,신촌 라세느,4,"17,000",18:00,"35,000",#쿠폰혜택 #마이룸
2018-11-14,서울특별시 서대문구 창천동 18-81,50350514318,1843,신촌 라싸,5,"27,780",18:00,"56,700",#쿠폰혜택 #현장적립 #최저가보상
2018-11-14,서울특별시 서대문구 창천동 29-55,50350500105,3003,신촌 렉시,6,"23,400",18:00,"44,500",#쿠폰혜택 #마이룸 #당일예약취소가능 #현장적립
2018-11-14,서울특별시 서대문구 창천동 29-24,23658116,882,신촌 루이,5,"20,000",17:00,"40,000",#쿠폰혜택 #당일예약취소가능 #현장적립 #최저가보상
2018-11-14,서울특별시 서대문구 창천동 29-26,50350500012,1275,신촌 림,8,"20,000",14:00,"40,000",#쿠폰혜택 #당일예약취소가능 #현장적립 #최저가보상
2018-11-14,서울특별시 마포구 노고산동 109-62,50350500325,2073,신촌 메이저,6,"21,000",18:00,"36,000",#쿠폰혜택 #당일예약취소가능 #현장적립 #최저가보상
2018-11-14,서울특별시 서대문구 창천동 20-38,50350500589,3144,신촌 모모 (구 이젠),5,"25,000",18:00,"45,000",#쿠폰혜택 #현장적립 #최저가보상
2018-11-14,서울특별시 서대문구 창천동 29-11,50350500021,5118,신촌 바론드파리,8,"20,000",15:00,"40,000",#쿠폰혜택 #마이룸 #당일예약취소가능 #현장적립 #최저가보상
2018-11-14,서울특별시 마포구 노고산동 106-39,50350514433,327,신촌 산타페,6,"15,000",21:00,"30,000",#쿠폰혜택 #당일예약취소가능
2018-11-14,서울특별시 마포구 노고산동 106-76 신촌 성도,50350502033,1049,신촌 성도,6,"15,000",17:00,"27,000",#쿠폰혜택 #마이룸 #현장적립 #최저가보상
2018-11-14,서울특별시 서대문구 창천동 29-25,50350500880,1509,신촌 슈미에르,6,"20,000",20:00,"35,000",#당일예약취소가능 #현장적립 #최저가보상
2018-11-14,서울특별시 서대문구 창천동 29-68,50350501032,1113,신촌 스프링21,5,"23,000",18:00,"45,000",#쿠폰혜택 #마이룸 #당일예약취소가능 #현장적립 #최저가보상
2018-11-14,서울특별시 마포구 노고산동 106-105,50350517611,0,신촌 시스터즈,,,17:00,"45,000",#쿠폰혜택 #마이룸 #신축&리모델링
2018-11-14,서울특별시 마포구 노고산동 106-48 신촌 시크릿,50350500245,584,신촌 시크릿,4,"18,000",15:00,"35,000",#쿠폰혜택 #마이룸 #당일예약취소가능 #현장적립 #최저가보상
2018-11-14,서울특별시 마포구 노고산동 106-69 신촌 아이다 AIDA,27157722,645,신촌 아이다 (구 보그),5,"20,000",18:00,"45,000",#쿠폰혜택 #마이룸 #당일예약취소가능 #현장적립 #최저가보상
2018-11-14,서울특별시 서대문구 창천동 20-33,50350500235,3496,신촌 오렌지카운티,8,"20,000",18:00,"35,000",#쿠폰혜택 #마이룸 #당일예약취소가능 #현장적립 #최저가보상
2018-11-14,서울특별시 마포구 노고산동 106-91 신촌 위드(with),50350501342,712,신촌 위드(with),5,"20,000",19:00,"45,000",#쿠폰혜택 #당일예약취소가능 #현장적립 #최저가보상
2018-11-14,서울특별시 서대문구 창천동 29-5,50350500092,3790,"신촌 이채 1, 2, 3",6,"20,000",15:00,"37,000",#쿠폰혜택 #마이룸 #당일예약취소가능 #현장적립
2018-11-14,서울특별시 서대문구 창천동 29-49,50350500329,1921,신촌 제이드,7,"20,000",18:00,"40,000",#쿠폰혜택 #마이룸 #당일예약취소가능 #현장적립 #최저가보상
2018-11-14,서울특별시 서대문구 창천동 29-58,50350500149,596,신촌 캠퍼스,5,"20,000",18:00,"45,000",#쿠폰혜택 #마이룸 #당일예약취소가능 #현장적립 #최저가보상
2018-11-14,서울특별시 서대문구 창천동 18-72,50350515024,3172,신촌 코자(coza),8,"18,000",21:00,"40,000",#쿠폰혜택 #좋은숙박연구소 #현장적립 #최저가보상
2018-11-14,서울특별시 서대문구 창천동 29-39,50350500879,1320,신촌 크럭스,8,"20,000",17:00,"40,000",#쿠폰혜택 #당일예약취소가능 #현장적립 #최저가보상
2018-11-14,서울특별시 서대문구 창천동 29-14,50350515472,703,신촌 터치,6,"20,000",19:00,"35,000",#쿠폰혜택 #마이룸
2018-11-14,서울특별시 서대문구 대현동 104-15,50350502222,3688,신촌 트리,10,"20,000",17:00,"45,000",#쿠폰혜택 #당일예약취소가능 #현장적립 #최저가보상
2018-11-14,서울특별시 마포구 노고산동 109-6,50350502145,882,신촌 파르페,6,"15,000",13:00,"30,000",#쿠폰혜택 #당일예약취소가능 #현장적립 #최저가보상
2018-11-14,서울특별시 서대문구 창천동 20-56,50350501118,2891,신촌 피오나,6,"20,000",15:00,"40,000",#쿠폰혜택 #TOP100 #마이룸 #현장적립 #최저가보상
2018-11-14,서울특별시 마포구 노고산동 106-25 신촌 피터캣,50350501153,203,신촌 피터캣,4,"25,000",16:00,"40,000",#쿠폰혜택 #마이룸 #현장적립
2018-11-14,서울특별시 서대문구 창천동 20-108,50350510442,1639,신촌 힐스모텔,8,"17,000",16:00,"35,000",#쿠폰혜택
2018-11-14,서울특별시 광진구 구의동 59-1,50350510075,216,아차산 스카이,4,"22,000",18:00,"40,000",#쿠폰혜택 #현장적립 #최저가보상
2018-11-14,서울특별시 동대문구 제기동 137-122,50350514717,62,안암 휴앳 모텔,4,"15,000",19:00,"35,000",#쿠폰혜택
2018-11-14,서울특별시 강동구 천호동 287-28,50350509678,93,암사 쎌,5,"18,000",19:00,"40,000",#쿠폰혜택 #현장적립
2018-11-14,서울특별시 중구 신당동 430-4,50350510893,363,약수 퀸모텔,4,"19,000",18:00,"44,000",#쿠폰혜택 #마이룸 #최저가보상
2018-11-14,서울특별시 중구 신당동 374-10,50350514474,224,약수 프린스모텔,4,"19,000",18:00,"44,000",#쿠폰혜택 #마이룸 #최저가보상
2018-11-14,서울특별시 서초구 서초동 1355-20,50350500011,850,양재 쉼표,8,"25,000",18:00,"60,000",#쿠폰혜택 #현장적립
2018-11-14,서울특별시 양천구 신정동 922-16,50350514869,81,양천 청수,4,"20,000",18:00,"45,000",#쿠폰혜택 #마이룸
2018-11-14,서울특별시 양천구 신월동 96-2,50350501193,76,양천(신월) 프라하,4,"20,000",19:00,"35,000",#현장적립 #최저가보상
2018-11-14,서울특별시 영등포구 여의도동 44-6,50350510614,296,여의도 라다,3,"25,000",18:00,"75,000",
2018-11-14,서울특별시 영등포구 여의도동 13-18,27832233,605,여의도 벤허,4,"30,000",14:00,"70,000",#쿠폰혜택 #현장적립
2018-11-14,서울특별시 영등포구 여의도동 13-12,50350502137,519,여의도 코보스호텔,4,"30,000",15:00,"69,000",#쿠폰혜택 #최저가보상
2018-11-14,서울특별시 영등포구 여의도동 15-13,50350515312,366,여의도 호텔 더 디자이너스,4,"35,000",15:00,"65,000",#쿠폰혜택 #현장적립
2018-11-14,서울특별시 강남구 역삼동 720-33,50350502193,237,역삼 CF,5,"30,000",18:00,"60,000",#쿠폰혜택
2018-11-14,서울특별시 강남구 역삼동 678-13,25694920,3314,역삼 Hotel The Artist,5,"25,000",17:00,"60,000",#쿠폰혜택 #TOP100 #마이룸 #현장적립 #최저가보상
2018-11-14,서울특별시 강남구 역삼동 718-12,50350501760,1873,역삼 HOTEL 린 LIN,11,"30,000",15:00,"55,000",#쿠폰혜택 #현장적립 #최저가보상
2018-11-14,서울특별시 강남구 역삼동 677-16,50350500287,2844,역삼 J,11,"20,000",17:00,"40,000",#쿠폰혜택 #현장적립 #최저가보상
2018-11-14,서울특별시 강남구 역삼동 718-18,50350515100,1767,역삼 Premier Hotel XYM,6,"30,000",19:00,"59,800",#쿠폰혜택 #좋은숙박연구소 #현장적립 #최저가보상
2018-11-14,서울특별시 강남구 역삼동 651-2,25676240,2183,역삼 VALT(발트),6,"25,000",15:00,"52,500",#쿠폰혜택 #TOP100 #마이룸 #현장적립 #최저가보상
2018-11-14,서울특별시 강남구 역삼동 720-10,50350516049,1204,역삼 VERY SIX,5,"25,000",18:00,"60,000",#쿠폰혜택 #현장적립 #최저가보상
2018-11-14,서울특별시 강남구 역삼동 808-1,50350516766,28,역삼 갤러리,3,"30,000",17:00,"40,000",#쿠폰혜택 #마이룸
2018-11-14,서울특별시 강남구 역삼동 677-13,234541888,2876,역삼 녹스 호텔,6,"25,000",15:00,"85,000",#쿠폰혜택 #마이룸 #현장적립
2018-11-14,서울특별시 강남구 역삼동 677-9,50350502026,1898,역삼 리치웰,6,"30,000",17:00,"64,800",#쿠폰혜택 #마이룸 #현장적립 #최저가보상
2018-11-14,서울특별시 강남구 역삼동 826-45,50350500920,3143,역삼 마레,6,"25,000",20:00,"55,000",#쿠폰혜택 #당일예약취소가능 #현장적립 #최저가보상
2018-11-14,서울특별시 강남구 역삼동 677-14,50350514653,3329,역삼 맨하탄,11,"25,000",15:00,"50,000",#쿠폰혜택 #당일예약취소가능 #현장적립 #최저가보상
2018-11-14,서울특별시 강남구 역삼동 719-23,50350500830,298,역삼 바레,8,"25,000",16:00,"50,000",#쿠폰혜택 #최저가보상
2018-11-14,서울특별시 강남구 역삼동 718-28,50350500005,2007,역삼 벤,11,"25,000",19:00,"50,000",#쿠폰혜택 #현장적립 #최저가보상
2018-11-14,서울특별시 강남구 역삼동 720-17,50350501689,1069,역삼 부띠끄호텔,4,"25,000",19:00,"45,000",#쿠폰혜택 #마이룸 #현장적립 #최저가보상
2018-11-14,서울특별시 강남구 역삼동 628-11,50350501742,627,역삼 스카이,11,"20,000",15:00,"40,000",#쿠폰혜택 #당일예약취소가능
2018-11-14,서울특별시 강남구 역삼동 719-16,50350500315,1047,역삼 스텔라,8,"25,000",17:00,"45,000",#쿠폰혜택 #마이룸 #당일예약취소가능 #현장적립 #최저가보상
2018-11-14,서울특별시 강남구 역삼동 719-12,50350500096,3131,역삼 아나,12,"25,000",15:00,"60,000",#쿠폰혜택 #TOP100 #마이룸 #당일예약취소가능 #현장적립
2018-11-14,서울특별시 강남구 역삼동 718-13,50350500400,3439,역삼 아드리게,5,"28,000",15:00,"50,000",#쿠폰혜택 #마이룸 #현장적립 #최저가보상
2018-11-14,서울특별시 강남구 역삼동 776-19,50350509601,475,역삼 아마레,5,"25,000",15:00,"50,000",#쿠폰혜택 #현장적립 #최저가보상
2018-11-14,서울특별시 강남구 역삼동 678-30,50350514677,1942,역삼 아일랜드 호텔,12,"25,000",15:00,"50,000",#쿠폰혜택 #당일예약취소가능 #현장적립 #최저가보상
2018-11-14,서울특별시 강남구 역삼동 719-20,50350514680,731,역삼 카파스,6,"35,000",13:00,"84,800",#쿠폰혜택 #당일예약취소가능 #현장적립 #최저가보상
2018-11-14,서울특별시 강남구 역삼동 720-23,50350501114,1909,역삼 컬리넌,6,"25,000",17:00,"50,000",#쿠폰혜택 #TOP100 #마이룸 #당일예약취소가능 #현장적립 #최저가보상
2018-11-14,서울특별시 강남구 역삼동 677-11,50350509645,1132,역삼 트리아,5,"25,000",18:00,"60,000",#쿠폰혜택 #마이룸 #현장적립 #최저가보상
2018-11-14,서울특별시 강남구 역삼동 720-16,50350509632,1491,역삼 호텔 더 매트,5,"25,000",18:00,"50,000",#쿠폰혜택 #현장적립 #최저가보상
2018-11-14,서울특별시 강남구 역삼동 678-9,50350501353,200,역삼 호텔 더 뮤즈,6,"35,000",23:00,"62,000",#쿠폰혜택 #최저가보상
2018-11-14,서울특별시 강남구 역삼동 677-19,50350515345,3802,역삼 호텔스타 프리미어,6,"25,000",19:00,"53,000",#쿠폰혜택 #TOP100 #마이룸 #현장적립 #최저가보상
2018-11-14,서울특별시 강남구 역삼동 700-27,50350509634,273,역삼(선릉) 블랑,5,"20,000",19:00,"45,000",#쿠폰혜택 #현장적립 #최저가보상
2018-11-14,서울특별시 은평구 불광동 484-58,50350515662,652,연신내 w,4,"20,000",20:00,"36,000",#쿠폰혜택
2018-11-14,서울특별시 은평구 대조동 198-11,23556677,200,연신내 디스테이션(DS),6,"20,000",21:00,"40,000",#쿠폰혜택 #현장적립 #최저가보상
2018-11-14,서울특별시 은평구 대조동 198-17,50350501983,765,연신내 레드,5,"15,000",19:00,"35,000",#쿠폰혜택 #마이룸 #당일예약취소가능 #현장적립 #최저가보상
2018-11-14,서울특별시 은평구 대조동 185-82,50350501179,1115,연신내 만토바,6,"20,000",17:00,"35,000",#쿠폰혜택 #당일예약취소가능 #현장적립
2018-11-14,서울특별시 은평구 갈현동 395-29,50350510719,106,연신내 바나나,3,"16,000",16:00,"33,000",#쿠폰혜택 #현장적립
2018-11-14,서울특별시 은평구 불광동 486-21,50350515630,528,연신내 발리,6,"17,000",21:00,"35,000",#쿠폰혜택
2018-11-14,서울특별시 은평구 갈현동 396-16,50350500385,79,연신내 샤인힐,6,"25,000",17:00,"60,000",#현장적립
2018-11-14,서울특별시 은평구 불광동 486-22,50350515771,2711,연신내 서울 N 호텔,8,"22,000",18:00,"42,000",#쿠폰혜택 #현장적립
2018-11-14,서울특별시 은평구 불광동 484-64,50350510718,278,연신내 쉴,6,"20,000",18:00,"36,000",#쿠폰혜택 #현장적립 #최저가보상
2018-11-14,서울특별시 은평구 대조동 198-6,50350510701,737,연신내 쏠,8,"17,000",17:00,"35,000",#쿠폰혜택 #당일예약취소가능 #현장적립 #최저가보상
2018-11-14,서울특별시 은평구 갈현동 395-17,50350515413,1081,연신내 타오호텔,6,"20,000",15:00,"45,000",#쿠폰혜택 #현장적립 #최저가보상
2018-11-14,서울특별시 은평구 불광동 302-13,50350515636,1136,연신내 프라임 인 서울 호텔,10,"25,000",15:00,"49,800",#쿠폰혜택 #현장적립 #최저가보상
2018-11-14,서울특별시 강서구 염창동 262-5,50350509859,40,염창 본,4,"25,000",18:00,"45,000",
2018-11-14,서울특별시 강서구 염창동 262-4,50350509858,534,염창 티롤,4,"20,000",12:00,"35,000",#쿠폰혜택 #마이룸 #현장적립 #최저가보상
2018-11-14,서울특별시 영등포구 영등포동3가 17-9,50350500899,3800,영등포 Boutique Moon 호텔,12,"18,000",16:00,"35,000",#쿠폰혜택 #마이룸 #당일예약취소가능 #현장적립 #최저가보상
2018-11-14,서울특별시 영등포구 영등포동3가 23-22,50350500936,2552,영등포 CC,5,"19,000",17:00,"35,000",#쿠폰혜택 #현장적립 #최저가보상
2018-11-14,서울특별시 영등포구 영등포동3가 2-15,50350501492,1612,영등포 CF,12,"20,000",16:00,"30,000",#쿠폰혜택 #당일예약취소가능 #현장적립 #최저가보상
2018-11-14,서울특별시 영등포구 영등포동3가 22-4,50350501247,5305,영등포 HOTEL Le O(르오),6,"19,000",18:00,"35,000",#쿠폰혜택 #TOP100 #마이룸 #당일예약취소가능 #현장적립 #최저가보상
2018-11-14,서울특별시 영등포구 영등포동3가 13-10,50350515658,2370,영등포 Hotel Soo,6,"17,000",18:00,"35,000",#쿠폰혜택 #현장적립
2018-11-14,서울특별시 영등포구 영등포동6가 49-2,50350516077,1305,영등포 Hotel YOLO,7,"17,000",18:00,"29,000",#쿠폰혜택 #현장적립
2018-11-14,서울특별시 영등포구 영등포동3가 2-9,50350515638,508,영등포 LEADERS,4,"20,000",18:00,"40,000",#쿠폰혜택 #현장적립 #최저가보상
2018-11-14,서울특별시 영등포구 영등포동3가 24-4,50350500996,3637,영등포 NINE,7,"20,000",15:00,"45,000",#쿠폰혜택 #당일예약취소가능 #현장적립 #최저가보상
2018-11-14,서울특별시 영등포구 영등포동3가 17-7,50350510636,811,영등포 노니,12,"19,000",12:00,"34,000",#쿠폰혜택 #현장적립
2018-11-14,서울특별시 영등포구 양평동1가 9-28,50350501753,37,영등포 노바루스 관광호텔,3,"45,000",16:00,"60,000",#쿠폰혜택 #마이룸 #현장적립 #최저가보상
2018-11-14,서울특별시 영등포구 영등포동3가 7-26,50350515833,3727,영등포 뉴신라,6,"20,000",16:00,"40,000",#쿠폰혜택 #마이룸 #현장적립 #최저가보상
2018-11-14,서울특별시 영등포구 영등포동3가 15-8,50350514285,912,영등포 뉴욕,5,"20,000",14:00,"35,000",#쿠폰혜택 #당일예약취소가능 #현장적립 #최저가보상
2018-11-14,서울특별시 영등포구 영등포동3가 24-1,50350501766,799,영등포 더 휴,5,"18,000",18:00,"30,000",#쿠폰혜택 #당일예약취소가능 #현장적립 #최저가보상
2018-11-14,서울특별시 영등포구 영등포동3가 27-1,226782601,290,영등포 라움,6,"20,000",16:00,"30,000",#쿠폰혜택 #현장적립 #최저가보상
2018-11-14,서울특별시 영등포구 영등포동1가 121-3,50350502121,1123,영등포 라이프스타일 E HOTEL,5,"25,000",18:00,"35,000",#쿠폰혜택 #당일예약취소가능 #현장적립 #최저가보상
2018-11-14,서울특별시 영등포구 영등포동1가 121-4,50350500001,715,영등포 라이프스타일 F HOTEL,4,"25,000",18:00,"45,000",#쿠폰혜택 #현장적립 #최저가보상
2018-11-14,서울특별시 영등포구 영등포동1가 121-1,226751983,1620,영등포 라이프스타일 i HOTEL,6,"25,000",18:00,"45,000",#쿠폰혜택 #현장적립 #최저가보상
2018-11-14,서울특별시 영등포구 영등포동3가 15-5,50350500585,245,영등포 레드(구 달동네),5,"20,000",18:00,"40,000",#쿠폰혜택 #당일예약취소가능 #현장적립 #최저가보상
2018-11-14,서울특별시 영등포구 영등포동3가 16-1,50350500266,3132,영등포 맥스,10,"18,000",18:00,"35,000",#쿠폰혜택 #마이룸 #당일예약취소가능 #현장적립 #최저가보상
2018-11-14,서울특별시 영등포구 영등포동2가 28-97,50350510576,143,영등포 보보스,4,"25,000",17:00,"45,000",#현장적립 #최저가보상
2018-11-14,서울특별시 영등포구 영등포동3가 12-22,50350501465,2694,영등포 부띠크 HOTEL SB,9,"19,990",18:00,"49,990",#쿠폰혜택 #TOP100 #마이룸 #당일예약취소가능 #현장적립 #최저가보상
2018-11-14,서울특별시 영등포구 영등포동3가 1-32,50350502209,517,영등포 블루버드(BLVD),4,"25,000",18:00,"40,000",#쿠폰혜택
2018-11-14,서울특별시 영등포구 영등포동3가 7-12,50350500142,770,영등포 샵,6,"15,000",18:00,"29,000",#쿠폰혜택 #현장적립 #최저가보상
2018-11-14,서울특별시 영등포구 영등포동3가 19-6,226785695,1154,영등포 신영,5,"25,000",17:00,"30,000",#쿠폰혜택 #당일예약취소가능 #현장적립 #최저가보상
2018-11-14,서울특별시 영등포구 영등포동4가 163-7,50350500603,846,영등포 씨엘(CL),4,"25,000",18:00,"45,000",#쿠폰혜택 #당일예약취소가능 #현장적립
2018-11-14,서울특별시 영등포구 영등포동3가 7-17,220691933,802,영등포 아이리스,5,"20,000",18:00,"40,000",#쿠폰혜택 #현장적립 #최저가보상
2018-11-14,서울특별시 영등포구 영등포동3가 7-13,50350502131,2920,영등포 아하바(AHAVA),5,"25,000",16:00,"40,000",#당일예약취소가능 #현장적립 #최저가보상
2018-11-14,서울특별시 영등포구 영등포동3가 13-7,50350510634,1274,영등포 올림피아,4,"15,000",17:00,"30,000",#마이룸 #현장적립
2018-11-14,서울특별시 영등포구 영등포동4가 96,50350501975,26,영등포 은성 모텔,3,"13,000",14:00,"32,000",#최저가보상
2018-11-14,서울특별시 영등포구 영등포동3가 13-5,50350510630,422,영등포 자고,6,"17,000",16:00,"28,000",#쿠폰혜택 #현장적립 #최저가보상
2018-11-14,서울특별시 영등포구 영등포동4가 73,50350514334,1535,영등포 자딘호텔,5,"20,000",17:00,"40,000",#쿠폰혜택 #마이룸 #당일예약취소가능 #현장적립 #최저가보상
2018-11-14,서울특별시 영등포구 영등포동3가 23,50350500420,3556,영등포 쟈스민,12,"17,770",11:00,"33,330",#쿠폰혜택 #마이룸 #현장적립 #최저가보상
2018-11-14,서울특별시 영등포구 영등포동1가 110-6,50350500923,6999,영등포 초콜렛,6,"20,000",17:00,"40,000",#쿠폰혜택 #마이룸 #현장적립 #최저가보상
2018-11-14,서울특별시 영등포구 영등포동3가 19-1,50350501289,1696,영등포 코모도,12,"17,000",14:00,"33,334",#쿠폰혜택 #마이룸 #현장적립 #최저가보상
2018-11-14,서울특별시 영등포구 영등포동3가 27-3,50350500073,4566,영등포 테마,6,"17,000",18:00,"30,000",#쿠폰혜택 #마이룸 #당일예약취소가능 #현장적립 #최저가보상
2018-11-14,서울특별시 영등포구 영등포동3가 12-2,50350502259,3674,영등포 페트라,8,"20,000",17:00,"37,000",#쿠폰혜택 #마이룸 #당일예약취소가능 #현장적립 #최저가보상
2018-11-14,서울특별시 영등포구 영등포동6가 69-1,1020552575,1378,영등포 포유,7,"17,000",18:00,"30,000",#쿠폰혜택
2018-11-14,서울특별시 영등포구 영등포동5가 43-5,50350514898,286,영등포 폴라리스,4,"20,000",19:00,"30,000",#쿠폰혜택 #마이룸 #좋은숙박연구소 #당일예약취소가능 #최저가보상
2018-11-14,서울특별시 영등포구 영등포동6가 71-2,50350501622,2557,영등포 프리호텔,10,"18,000",14:00,"35,000",#쿠폰혜택 #마이룸 #당일예약취소가능 #현장적립 #최저가보상
2018-11-14,서울특별시 영등포구 영등포동3가 22-8,50350514513,1845,영등포 하라스(Harrahs),6,"18,000",16:00,"35,000",#쿠폰혜택 #당일예약취소가능 #현장적립 #최저가보상
2018-11-14,서울특별시 영등포구 영등포동3가 19-4,50350501029,920,영등포 헬로,8,"20,000",14:00,"35,000",#쿠폰혜택 #당일예약취소가능 #현장적립 #최저가보상
2018-11-14,서울특별시 영등포구 영등포동3가 26-2,50350510623,194,영등포 호텔 갤럭시 투어,4,"25,000",10:00,"50,000",#쿠폰혜택
2018-11-14,서울특별시 영등포구 영등포동3가 21-13,50350510633,1728,영등포 호텔 그곳에,6,"20,000",17:00,"40,000",#쿠폰혜택 #당일예약취소가능 #현장적립 #최저가보상
2018-11-14,서울특별시 영등포구 양평동2가 40-5,50350501913,592,영등포 호텔 브릿지,5,"20,000",15:00,"40,000",#쿠폰혜택 #현장적립
2018-11-14,서울특별시 구로구 오류동 57,50350500675,936,오류 갤러리아,5,"20,000",18:00,"40,000",#쿠폰혜택 #마이룸 #최저가보상
2018-11-14,서울특별시 구로구 오류동 47-29,50350516043,833,오류 레몬트리,5,"20,000",16:00,"40,000",#쿠폰혜택 #현장적립 #최저가보상
2018-11-14,서울특별시 구로구 오류동 47-27,50350500455,163,오류 본모텔,4,"18,000",19:00,"35,000",#쿠폰혜택 #마이룸 #최저가보상
2018-11-14,서울특별시 구로구 오류동 59-37,50350502104,1157,오류 쎄비앙,5,"25,000",19:00,"45,000",#쿠폰혜택 #마이룸 #당일예약취소가능 #최저가보상
2018-11-14,서울특별시 성동구 도선동 285-1,50350500916,2669,왕십리 2U(투유),6,"15,000",22:00,"30,000",#쿠폰혜택 #마이룸 #현장적립 #최저가보상
2018-11-14,서울특별시 성동구 도선동 27,50350515023,3046,왕십리 FORESTAR (포레스타),5,"30,000",18:00,"55,000",#쿠폰혜택 #TOP100 #현장적립 #최저가보상
2018-11-14,서울특별시 성동구 도선동 405,50350510498,580,왕십리 haru(하루),6,"20,000",19:00,"30,000",#쿠폰혜택 #현장적립 #최저가보상
2018-11-14,서울특별시 성동구 도선동 29-1,50350517452,912,왕십리 H호텔,5,"30,000",18:00,"50,000",#쿠폰혜택 #현장적립 #최저가보상
2018-11-14,서울특별시 성동구 도선동 84,50350517166,124,왕십리 THE STAY(더 스테이),4,"20,000",18:00,"40,000",#쿠폰혜택 #마이룸 #현장적립
2018-11-14,서울특별시 성동구 도선동 92,50350502338,884,왕십리 The ZaZa (더 자자),4,"18,000",19:00,"32,000",#쿠폰혜택 #마이룸 #당일예약취소가능 #현장적립 #최저가보상
2018-11-14,서울특별시 성동구 도선동 98,50350514475,387,왕십리 라테라,4,"18,000",18:00,"30,000",#쿠폰혜택 #마이룸 #당일예약취소가능 #현장적립 #최저가보상
2018-11-14,서울특별시 성동구 도선동 144,50350501823,1889,왕십리 리젠트호텔,6,"20,000",18:00,"35,000",#현장적립 #최저가보상
2018-11-14,서울특별시 성동구 도선동 2-3,50350502202,56,왕십리 미르,4,"20,000",18:00,"40,000",#현장적립 #최저가보상
2018-11-14,서울특별시 성동구 도선동 116,50350517018,139,왕십리 버니3,4,"18,000",21:00,"30,000",#현장적립
2018-11-14,서울특별시 성동구 도선동 110,50350516093,615,왕십리 부르네,4,"18,000",18:00,"30,000",#쿠폰혜택 #마이룸
2018-11-14,서울특별시 성동구 도선동 97,50350502337,991,왕십리 비앤엘,4,"18,000",21:00,"30,000",#쿠폰혜택 #마이룸 #당일예약취소가능 #현장적립 #최저가보상
2018-11-14,서울특별시 성동구 도선동 75,50350502067,724,왕십리 스위트,4,"18,000",19:00,"33,000",#쿠폰혜택 #마이룸 #현장적립 #최저가보상
2018-11-14,서울특별시 성동구 도선동 115,50350502180,664,왕십리 썬,4,"18,000",16:00,"30,000",#쿠폰혜택 #마이룸 #당일예약취소가능 #현장적립 #최저가보상
2018-11-14,서울특별시 성동구 도선동 72,50350510511,1182,왕십리 아모렉스,5,"25,000",18:00,"45,000",#쿠폰혜택 #마이룸 #현장적립 #최저가보상
2018-11-14,서울특별시 성동구 도선동 117,50350502126,775,왕십리 젠,6,"18,000",17:00,"30,000",#쿠폰혜택 #당일예약취소가능 #현장적립 #최저가보상
2018-11-14,서울특별시 성동구 도선동 99,50350514356,1017,왕십리 쥬방스,4,"20,000",18:00,"35,000",#쿠폰혜택 #마이룸 #현장적립 #최저가보상
2018-11-14,서울특별시 성동구 도선동 86,50350500140,4133,왕십리 컬리넌,5,"30,000",15:00,"60,000",#쿠폰혜택 #TOP100 #마이룸 #현장적립 #최저가보상
2018-11-14,서울특별시 성동구 도선동 96,50350502244,703,왕십리 코림,4,"18,000",17:00,"30,000",#쿠폰혜택 #마이룸 #당일예약취소가능 #현장적립 #최저가보상
2018-11-14,서울특별시 성동구 도선동 138,50350501052,462,왕십리 파라다이스,4,"20,000",18:00,"35,000",#쿠폰혜택 #현장적립
2018-11-14,서울특별시 성동구 도선동 77,50350514310,377,왕십리 파레스,3,"20,000",20:00,"35,000",#현장적립 #최저가보상
2018-11-14,서울특별시 성동구 하왕십리동 970-61,50350501708,336,왕십리 현대모텔,6,"20,000",17:00,"35,000",#현장적립
2018-11-14,서울특별시 성동구 도선동 102,50350510517,168,왕십리 힐,3,"17,000",17:00,"30,000",#쿠폰혜택 #마이룸 #현장적립 #최저가보상
2018-11-14,서울특별시 동대문구 이문동 255-259,50350517307,796,외대 Life hotel Raha,9,"20,000",16:00,"40,000",#쿠폰혜택 #현장적립 #최저가보상
2018-11-14,서울특별시 동대문구 이문동 238-3,50350510251,201,외대 이문,4,"17,000",19:00,"33,000",#쿠폰혜택 #마이룸 #최저가보상
2018-11-14,서울특별시 용산구 한강로2가 126,50350510675,170,용산 E편한 모텔,4,"20,000",19:00,"45,000",#쿠폰혜택 #현장적립 #최저가보상
2018-11-14,서울특별시 용산구 한강로2가 117-2,50350502008,158,용산 MAC(맥),4,"20,000",19:00,"45,000",#현장적립 #최저가보상
2018-11-14,서울특별시 용산구 갈월동 98-11,50350510669,742,용산 가야라트리,6,"30,000",18:00,"70,000",#쿠폰혜택 #현장적립 #최저가보상
2018-11-14,서울특별시 용산구 한강로2가 2-194,50350500581,90,용산 노블호텔,4,"20,000",16:00,"35,000",#현장적립 #최저가보상
2018-11-14,서울특별시 용산구 남영동 42,50350500595,895,용산 뉴월드 호텔,5,"23,000",16:00,"45,000",#쿠폰혜택 #현장적립 #최저가보상
2018-11-14,서울특별시 용산구 남영동 7-3,50350510685,326,용산 러브모텔,5,"17,000",18:00,"35,000",#쿠폰혜택 #현장적립 #최저가보상
2018-11-14,서울특별시 용산구 한강로3가 40-18,50350516621,198,용산 레인보우,3,"18,000",17:00,"31,000",#쿠폰혜택 #마이룸 #최저가보상
2018-11-14,서울특별시 용산구 갈월동 98-2,50350516279,1213,용산 레인보우 호텔,6,"30,000",16:00,"60,000",#쿠폰혜택 #마이룸 #현장적립 #최저가보상
2018-11-14,서울특별시 용산구 보광동 60,50350514504,57,용산 삼성모텔,4,"20,000",22:00,"35,000",#쿠폰혜택 #현장적립 #최저가보상
2018-11-14,서울특별시 용산구 한강로2가 92-1,50350502051,485,용산 아모르,4,"25,000",21:00,"55,000",#쿠폰혜택 #좋은숙박연구소 #현장적립 #최저가보상
2018-11-14,서울특별시 용산구 한강로3가 40-325,50350514479,203,용산 애플,3,"20,000",17:00,"35,000",#쿠폰혜택 #마이룸 #당일예약취소가능 #현장적립 #최저가보상
2018-11-14,서울특별시 용산구 갈월동 98-14,50350502114,1022,용산 엘르인호텔,4,"30,000",14:00,"67,000",#쿠폰혜택 #TOP100 #마이룸 #현장적립 #최저가보상
2018-11-14,서울특별시 용산구 후암동 265-13,50350510642,51,용산 온리포유,3,"20,000",18:00,"35,000",#쿠폰혜택 #마이룸 #현장적립 #최저가보상
2018-11-14,서울특별시 용산구 한강로2가 122-7,50350500691,116,용산 코지,4,"20,000",19:00,"50,000",#쿠폰혜택 #현장적립 #최저가보상
2018-11-14,서울특별시 용산구 원효로2가 41-1,50350510655,167,용산 화전,4,"20,000",18:00,"38,000",#쿠폰혜택 #마이룸 #현장적립 #최저가보상
2018-11-14,서울특별시 성북구 하월곡동 37-18,50350514950,307,월곡 게이트5(GATE5),6,"20,000",18:00,"45,000",#쿠폰혜택 #당일예약취소가능 #현장적립 #최저가보상
2018-11-14,서울특별시 성북구 하월곡동 29-68,50350514966,554,월곡(성북) 호텔 바로,6,"25,000",18:00,"45,000",#쿠폰혜택 #당일예약취소가능 #현장적립 #최저가보상
2018-11-14,서울특별시 은평구 역촌동 16-17,50350502092,165,은평 대명,3,"20,000",17:00,"38,900",
2018-11-14,서울특별시 은평구 응암동 109-7,50350510710,1200,은평 브릭스 호텔,4,"30,000",15:00,"65,000",#쿠폰혜택 #현장적립 #최저가보상
2018-11-14,서울특별시 은평구 응암동 30-2,50350501980,560,은평 씨에스 에비뉴 호텔,4,"25,000",15:00,"60,000",#쿠폰혜택 #현장적립 #최저가보상
2018-11-14,서울특별시 은평구 응암동 590-24,50350515803,937,응암 래플즈,6,"20,000",17:00,"40,000",#쿠폰혜택 #현장적립
2018-11-14,서울특별시 은평구 응암동 98-26,50350501133,342,응암 몽,5,"20,000",17:00,"35,000",#쿠폰혜택 #당일예약취소가능 #현장적립 #최저가보상
2018-11-14,서울특별시 은평구 응암동 599-56,50350517138,692,응암 시크,5,"20,000",19:00,"45,000",#쿠폰혜택 #마이룸 #현장적립 #최저가보상
2018-11-14,서울특별시 은평구 응암동 598-4,50350517688,403,응암 이코노미,9,"15,000",17:00,"35,000",#쿠폰혜택 #현장적립 #최저가보상
2018-11-14,서울특별시 은평구 응암동 749-49,50350515369,713,응암 카누,6,"20,000",18:00,"40,000",#쿠폰혜택 #현장적립 #최저가보상
2018-11-14,서울특별시 마포구 대흥동 12-1,50350515708,206,이대 그랜드,4,"15,000",16:00,"25,000",#쿠폰혜택 #마이룸
2018-11-14,서울특별시 용산구 이태원동 124-3,50350500541,156,이태원 D`oro(디오로),5,"25,000",14:00,"65,000",#현장적립 #최저가보상
2018-11-14,서울특별시 용산구 한남동 732-107,50350515082,210,이태원 WO,5,"20,000",19:00,"40,000",#현장적립 #최저가보상
2018-11-14,서울특별시 용산구 이태원동 64-32,50350515350,162,이태원 에이원,4,"30,000",16:00,"70,000",#쿠폰혜택 #현장적립 #최저가보상
2018-11-14,서울특별시 송파구 방이동 38-2,50350500376,709,잠실 HL HOTEL,10,"25,000",14:00,"50,000",#쿠폰혜택 #당일예약취소가능 #현장적립 #최저가보상
2018-11-14,서울특별시 송파구 방이동 38-10,50350515620,1036,잠실 IM 호텔,10,"20,000",15:00,"40,000",#쿠폰혜택 #현장적립 #최저가보상
2018-11-14,서울특별시 송파구 방이동 41-5,50350510555,256,잠실 IMT,10,"30,000",15:00,"45,000",#쿠폰혜택 #당일예약취소가능 #현장적립 #최저가보상
2018-11-14,서울특별시 송파구 방이동 36-15,50350500475,546,잠실 SU,11,"20,000",18:00,"40,000",#쿠폰혜택 #현장적립 #최저가보상
2018-11-14,서울특별시 송파구 방이동 42-1,50350500293,1806,잠실 The View,6,"20,000",14:00,"40,000",#쿠폰혜택 #마이룸 #당일예약취소가능 #현장적립 #최저가보상
2018-11-14,서울특별시 송파구 방이동 38-5,50350510544,2227,잠실 U&I,14,"15,000",16:00,"33,000",#쿠폰혜택 #마이룸 #당일예약취소가능 #현장적립
2018-11-14,서울특별시 송파구 방이동 38-6,50350515307,2427,잠실 月(월),6,"25,000",18:00,"45,000",#쿠폰혜택 #현장적립 #최저가보상
2018-11-14,서울특별시 송파구 방이동 34,50350510539,345,잠실 골든파크,10,"20,000",,"35,000",#현장적립 #최저가보상
2018-11-14,서울특별시 송파구 방이동 42-6,50350500070,1791,잠실 까사,6,"25,000",15:00,"40,000",#쿠폰혜택 #현장적립 #최저가보상
2018-11-14,서울특별시 송파구 방이동 47-4,50350515886,2128,잠실 동그라미,9,"30,000",18:00,"45,000",#쿠폰혜택 #현장적립 #최저가보상
2018-11-14,서울특별시 송파구 방이동 36-5,50350501835,470,잠실 딜라이트,4,"35,000",15:00,"70,000",#쿠폰혜택 #최저가보상
2018-11-14,서울특별시 송파구 방이동 28-5,50350510540,191,잠실 라자,6,"25,000",15:00,"50,000",#쿠폰혜택 #당일예약취소가능 #현장적립
2018-11-14,서울특별시 송파구 방이동 34-3,50350517802,167,잠실 로즈,10,"15,000",15:00,"35,000",#현장적립
2018-11-14,서울특별시 송파구 방이동 37-10,50350500772,3538,잠실 루이체,10,"23,000",20:00,"45,000",#쿠폰혜택 #당일예약취소가능 #현장적립 #최저가보상
2018-11-14,서울특별시 송파구 방이동 42-8,50350500722,1264,잠실 머니,6,"20,000",17:00,"40,000",#쿠폰혜택 #당일예약취소가능 #현장적립
2018-11-14,서울특별시 송파구 방이동 36-14,50350515422,1253,잠실 셀레네,6,"23,000",18:00,"45,000",#쿠폰혜택 #현장적립 #최저가보상
2018-11-14,서울특별시 송파구 방이동 41-12,50350501059,1757,잠실 소풍,8,"20,000",18:00,"35,000",#쿠폰혜택 #당일예약취소가능 #현장적립 #최저가보상
2018-11-14,서울특별시 송파구 방이동 48-1,50350500551,659,잠실 쉴,6,"20,000",18:00,"35,000",#쿠폰혜택 #당일예약취소가능
2018-11-14,서울특별시 송파구 방이동 28-4,50350510538,105,잠실 실론호텔,4,"30,000",15:00,"60,000",#당일예약취소가능
2018-11-14,서울특별시 송파구 방이동 48-8,50350500107,1298,잠실 아테네,6,"20,000",16:00,"35,000",#쿠폰혜택 #당일예약취소가능 #현장적립
2018-11-14,서울특별시 송파구 방이동 48-13,50350502129,899,잠실 올리브,4,"22,000",15:00,"33,000",#쿠폰혜택 #마이룸 #현장적립
2018-11-14,서울특별시 송파구 방이동 24-2,50350510548,1677,잠실 와우,6,"21,000",19:00,"51,000",#쿠폰혜택 #마이룸 #현장적립
2018-11-14,서울특별시 송파구 방이동 46-3,50350500418,232,잠실 자자호텔,6,"20,000",18:00,"50,000",#쿠폰혜택 #마이룸 #현장적립
2018-11-14,서울특별시 송파구 삼전동 131-2,50350510533,478,잠실 줌,4,"25,000",21:00,"55,000",#쿠폰혜택 #마이룸 #당일예약취소가능 #현장적립 #최저가보상
2018-11-14,서울특별시 송파구 방이동 28-8,50350514282,1247,잠실 체리,4,"20,000",20:00,"40,000",#쿠폰혜택 #당일예약취소가능 #현장적립 #최저가보상
2018-11-14,서울특별시 송파구 방이동 37-3,50350500036,1427,잠실 첼로,6,"25,000",15:00,"60,000",#쿠폰혜택 #마이룸 #당일예약취소가능 #현장적립 #최저가보상
2018-11-14,서울특별시 송파구 석촌동 296-8,50350510537,682,잠실 코너호텔,4,"30,000",14:00,"60,000",#쿠폰혜택 #마이룸 #현장적립 #최저가보상
2018-11-14,서울특별시 송파구 방이동 34-5,50350500601,953,잠실 쿠키,4,"20,000",21:00,"45,000",#쿠폰혜택 #당일예약취소가능 #현장적립 #최저가보상
2018-11-14,서울특별시 송파구 방이동 34-4,50350518460,52,잠실 타임,12,"18,000",17:00,"35,000",#당일예약취소가능 #현장적립 #최저가보상
2018-11-14,서울특별시 송파구 방이동 37-1,50350500494,6107,잠실 톰지,11,"20,000",17:00,"40,000",#쿠폰혜택 #마이룸 #현장적립 #최저가보상
2018-11-14,서울특별시 송파구 방이동 36-6,50350510541,2233,잠실 트라움,6,"25,000",23:00,"45,000",#쿠폰혜택 #당일예약취소가능 #현장적립 #최저가보상
2018-11-14,서울특별시 송파구 방이동 46-6,50350515684,128,잠실 필름 37.2,,,14:00,"65,000",
2018-11-14,서울특별시 송파구 방이동 38-7,50350510543,921,잠실 하오,6,"20,000",15:00,"35,000",#쿠폰혜택 #현장적립
2018-11-14,,,0,잠실 호텔 인피니,,,,,#최저가보상
2018-11-14,서울특별시 송파구 방이동 50-1,50350501769,1291,잠실 홀리데이,13,"16,000",17:00,"32,000",#쿠폰혜택 #마이룸 #당일예약취소가능 #현장적립 #최저가보상
2018-11-14,서울특별시 동대문구 장안동 366-5,50350517009,1784,장안 A366,7,"20,000",17:00,"40,000",#쿠폰혜택 #마이룸 #현장적립 #최저가보상
2018-11-14,서울특별시 성동구 용답동 228-12,50350502264,924,장안 HOTEL 27,6,"17,000",18:00,"35,000",#현장적립 #최저가보상
2018-11-14,서울특별시 성동구 용답동 228-6 장안 JJ,50350500104,882,장안 HOTEL JJ,6,"20,000",16:00,"40,000",#쿠폰혜택 #당일예약취소가능 #현장적립 #최저가보상
2018-11-14,서울특별시 동대문구 장안동 427-12,50350501775,480,장안 JW,6,"20,000",18:00,"35,000",#쿠폰혜택 #마이룸 #현장적립 #최저가보상
2018-11-14,서울특별시 동대문구 장안동 364-6,50350500429,1723,장안 NEX,5,"20,000",18:00,"30,000",#쿠폰혜택 #마이룸 #현장적립
2018-11-14,서울특별시 동대문구 장안동 366-2,50350516009,3604,장안 Nine9호텔,7,"20,000",17:00,"40,000",#쿠폰혜택 #마이룸 #현장적립 #최저가보상
2018-11-14,서울특별시 동대문구 장안동 456-4 장안 Stylish M+M2 Hotel,50350500153,1544,장안 Stylish M+M2 Hotel,6,"19,000",15:00,"38,000",#쿠폰혜택 #마이룸 #당일예약취소가능 #현장적립 #최저가보상
2018-11-14,서울특별시 동대문구 장안동 345-12 장안 가을,50350502254,1721,장안 가을,8,"20,000",17:00,"35,000",#쿠폰혜택 #현장적립 #최저가보상
2018-11-14,서울특별시 동대문구 장안동 345-8,50350501918,1301,장안 길벗호텔,6,"19,000",15:00,"35,000",#쿠폰혜택 #마이룸 #현장적립 #최저가보상
2018-11-14,서울특별시 동대문구 장안동 364-4 장안 디바,50350500961,2120,장안 디바,8,"20,000",14:00,"39,000",#쿠폰혜택 #현장적립 #최저가보상
2018-11-14,서울특별시 동대문구 장안동 465-4,50350515904,1294,장안 디에블린,7,"25,000",15:00,"39,800",#현장적립 #최저가보상
2018-11-14,서울특별시 동대문구 장안동 345-9 장안 로잔,50350501783,2686,장안 로잔,14,"15,000",15:00,"30,000",#쿠폰혜택 #마이룸 #당일예약취소가능 #현장적립 #최저가보상
2018-11-14,서울특별시 동대문구 장안동 466-17 장안 르네상스,50350501676,916,장안 르네상스,8,"20,000",18:00,"35,000",#쿠폰혜택 #마이룸 #현장적립 #최저가보상
2018-11-14,서울특별시 동대문구 장안동 344-4,50350515154,532,장안 매니아,10,"15,000",18:00,"30,000",#쿠폰혜택 #마이룸 #현장적립
2018-11-14,서울특별시 동대문구 장안동 345-17,50350510288,226,장안 이지호텔,5,"18,000",18:00,"30,000",#당일예약취소가능 #현장적립 #최저가보상
2018-11-14,서울특별시 동대문구 장안동 430-7,50350516830,723,장안 하얀,6,"20,000",18:00,"33,000",#쿠폰혜택 #현장적립 #최저가보상
2018-11-14,서울특별시 동대문구 장안동 373-2 장안 행복한눈물,50350500223,3506,장안 행복한눈물,12,"17,000",15:00,"35,000",#쿠폰혜택 #마이룸 #당일예약취소가능 #현장적립 #최저가보상
2018-11-14,서울특별시 동대문구 장안동 373-4 장안 호텔동경,50350500635,1448,장안 호텔동경,6,"25,000",17:00,"43,000",#쿠폰혜택 #당일예약취소가능 #현장적립 #최저가보상
2018-11-14,서울특별시 중구 장충동2가 7-1,50350501335,101,장충 CF,4,"25,000",14:00,"45,000",#쿠폰혜택 #현장적립 #최저가보상
2018-11-14,서울특별시 종로구 낙원동 133,27442766,2588,종로 2heaven,4,"20,000",21:00,"45,000",#쿠폰혜택 #마이룸 #당일예약취소가능 #현장적립 #최저가보상
2018-11-14,서울특별시 종로구 낙원동 108-1,50350517801,536,종로 HERTZ(헤르츠),5,"20,000",16:00,"45,000",#쿠폰혜택 #당일예약취소가능 #현장적립 #최저가보상
2018-11-14,서울특별시 종로구 인사동 87,50350500574,769,종로 HOTEL JR,4,"25,000",19:00,"50,000",#쿠폰혜택 #당일예약취소가능 #현장적립 #최저가보상
2018-11-14,서울특별시 종로구 낙원동 153-2,27432266,2803,종로 HOTEL STAR,5,"23,000",14:00,"50,000",#쿠폰혜택 #마이룸 #당일예약취소가능 #현장적립 #최저가보상
2018-11-14,서울특별시 종로구 낙원동 168,50350500757,3140,종로 HOTEL YOU,5,"16,000",15:00,"35,000",#쿠폰혜택 #마이룸 #당일예약취소가능 #현장적립 #최저가보상
2018-11-14,서울특별시 종로구 관수동 140,50350500563,1077,종로 IMT,9,"25,000",17:00,"50,000",#쿠폰혜택 #마이룸 #현장적립 #최저가보상
2018-11-14,서울특별시 종로구 낙원동 132-6,50350514336,1150,종로 NOVA,5,"18,000",17:00,"35,000",#쿠폰혜택 #마이룸 #당일예약취소가능 #현장적립 #최저가보상
2018-11-14,서울특별시 종로구 낙원동 186,27641004,3824,종로 POP1,5,"22,000",15:00,"45,000",#쿠폰혜택 #TOP100 #마이룸 #당일예약취소가능 #현장적립 #최저가보상
2018-11-14,서울특별시 종로구 낙원동 185-1,50350500658,1052,종로 POP2,5,"21,000",17:00,"40,000",#쿠폰혜택 #당일예약취소가능 #현장적립 #최저가보상
2018-11-14,서울특별시 종로구 낙원동 184,50350500648,454,종로 POP3 (구 라포레),8,"22,223",20:00,"45,000",#쿠폰혜택 #당일예약취소가능 #현장적립 #최저가보상
2018-11-14,서울특별시 종로구 원남동 177-9,50350510795,11,종로 고궁호텔,,,,,#현장적립
2018-11-14,서울특별시 종로구 익선동 170,50350515528,79,종로 낙원장 호텔,3,"30,000",16:00,"50,000",#현장적립
2018-11-14,서울특별시 종로구 낙원동 180,50350500189,2873,종로 누누,4,"20,000",18:00,"35,000",#쿠폰혜택 #마이룸 #당일예약취소가능 #현장적립 #최저가보상
2018-11-14,서울특별시 종로구 관수동 14-1,50350500060,1380,종로 더 디자이너스,4,"27,778",15:00,"66,667",#쿠폰혜택 #현장적립 #최저가보상
2018-11-14,서울특별시 종로구 창신동 444-14,50350510811,3,종로 동대문호텔,,,17:00,"68,000",#최저가보상
2018-11-14,서울특별시 종로구 낙원동 283-14,50350515595,33,종로 동신모텔,4,"15,000",17:00,"30,000",
2018-11-14,서울특별시 종로구 관철동 34-1,50350500422,5796,종로 몽,8,"25,000",15:00,"50,000",#쿠폰혜택 #현장적립 #최저가보상
2018-11-14,서울특별시 중구 초동 19-10,50350514407,815,종로 베네,6,"25,000",16:00,"55,000",#쿠폰혜택 #현장적립 #최저가보상
2018-11-14,서울특별시 종로구 종로5가 110,50350500434,1482,종로 벤허,4,"15,000",18:00,"30,000",#쿠폰혜택 #마이룸 #당일예약취소가능 #현장적립 #최저가보상
2018-11-14,서울특별시 종로구 관철동 21,50350501584,1518,종로 부티크 호텔 K,4,"20,000",19:00,"45,000",#쿠폰혜택 #당일예약취소가능 #현장적립 #최저가보상
2018-11-14,서울특별시 종로구 낙원동 75,1065316146,1250,종로 비즈호텔,5,"15,000",14:00,"35,000",#쿠폰혜택 #마이룸 #현장적립 #최저가보상
2018-11-14,서울특별시 종로구 사직동 262-1,50350514676,93,종로 산장 모텔,3,"20,000",15:00,"50,000",#쿠폰혜택 #마이룸 #최저가보상
2018-11-14,서울특별시 종로구 낙원동 92,7041923665,1418,종로 샤이어 인,6,"15,000",16:00,"30,000",#쿠폰혜택 #현장적립
2018-11-14,서울특별시 종로구 관수동 137,50350516963,1364,종로 쉴,5,"25,000",18:00,"75,000",#쿠폰혜택 #마이룸 #당일예약취소가능 #현장적립
2018-11-14,서울특별시 종로구 낙원동 169-1,50350500170,2186,종로 스카이,4,"16,000",17:00,"33,000",#쿠폰혜택 #당일예약취소가능 #현장적립 #최저가보상
2018-11-14,서울특별시 종로구 관철동 28-1,50350501352,1368,종로 스카이 더 클래식,4,"20,000",21:00,"40,000",#쿠폰혜택 #당일예약취소가능 #현장적립 #최저가보상
2018-11-14,서울특별시 종로구 낙원동 84,50350500157,368,종로 시네마,5,"25,000",18:00,"50,000",#쿠폰혜택 #당일예약취소가능 #현장적립 #최저가보상
2018-11-14,서울특별시 종로구 운니동 24-1,50350502147,2156,종로 씨티파크,8,"15,000",15:00,"38,000",#쿠폰혜택 #마이룸 #당일예약취소가능 #최저가보상
2018-11-14,서울특별시 종로구 낙원동 165,50350500472,4241,종로 아마레,6,"23,000",14:00,"50,000",#쿠폰혜택 #마이룸 #당일예약취소가능 #현장적립 #최저가보상
2018-11-14,서울특별시 종로구 운니동 37-2,50350500588,1764,종로 아비숑,6,"20,000",15:00,"45,000",#쿠폰혜택 #당일예약취소가능 #현장적립 #최저가보상
2018-11-14,서울특별시 종로구 관수동 18-1,50350510780,173,종로 올인모텔,4,"15,000",17:00,"35,000",#쿠폰혜택 #마이룸 #현장적립
2018-11-14,서울특별시 종로구 효제동 215-1,50350515657,922,종로 와,7,"15,000",18:00,"30,000",#쿠폰혜택 #현장적립 #최저가보상
2018-11-14,서울특별시 종로구 관철동 15-1,50350510819,22,종로 우미관,3,"20,000",21:00,"60,000",
2018-11-14,서울특별시 종로구 효제동 192,50350500647,212,종로 유토피아,6,"25,000",21:00,"45,000",#쿠폰혜택 #당일예약취소가능 #최저가보상
2018-11-14,서울특별시 종로구 종로5가 231-24,50350502347,732,종로 인터넷,6,"15,000",15:00,"40,000",#쿠폰혜택 #마이룸 #현장적립 #최저가보상
2018-11-14,서울특별시 종로구 숭인동 200-32,50350510725,1682,종로 자바,5,"23,000",15:00,"45,000",#쿠폰혜택 #최저가보상
2018-11-14,서울특별시 종로구 관훈동 106,50350516845,266,종로 준오호텔,4,"30,000",20:00,"60,000",#쿠폰혜택 #현장적립
2018-11-14,서울특별시 종로구 낙원동 135-1,50350510789,655,종로 카라,4,"17,000",15:00,"33,000",#쿠폰혜택 #마이룸 #현장적립 #최저가보상
2018-11-14,서울특별시 종로구 낙원동 142,50350500986,3527,종로 컬리넌,5,"25,000",16:00,"40,000",#쿠폰혜택 #당일예약취소가능 #현장적립 #최저가보상
2018-11-14,서울특별시 종로구 숭인동 200-36,50350514790,263,종로 케이하우스,4,"18,000",18:00,"40,000",#쿠폰혜택 #마이룸 #최저가보상
2018-11-14,서울특별시 종로구 운니동 25-1,50350502124,10,종로 쿠즈,4,"20,000",19:00,"37,000",
2018-11-14,서울특별시 종로구 낙원동 59-1,50350501992,7,종로 탑호텔앤레지던스,,,,,#최저가보상
2018-11-14,서울특별시 종로구 익선동 29,50350510744,95,종로 피터캣호텔,4,"25,000",18:00,"55,000",#쿠폰혜택 #마이룸 #현장적립 #최저가보상
2018-11-14,서울특별시 종로구 낙원동 132-5,50350515320,2,종로 호텔 그림,4,"15,000",14:00,"30,000",
2018-11-14,서울특별시 종로구 연지동 200,50350517143,51,종로 호텔 앳 홈,3,"20,000",18:00,"35,000",#쿠폰혜택 #현장적립
2018-11-14,서울특별시 종로구 관수동 56,50350501183,781,종로(3가) 제이미니,5,"15,000",15:00,"30,000",#쿠폰혜택 #현장적립
2018-11-14,서울특별시 종로구 낙원동 161,27416389,38,종로(3가) 피카소,3,"17,000",18:00,"30,000",#쿠폰혜택 #마이룸
2018-11-14,서울특별시 중구 태평로1가 29-1,50350510923,13,종로(광화문) 뉴서울 호텔,3,"45,000",14:00,"80,000",#쿠폰혜택 #현장적립
2018-11-14,서울특별시 종로구 충신동 73-4,50350501911,423,종로(대학로) 스위스,5,"20,000",15:00,"50,000",#쿠폰혜택 #당일예약취소가능 #현장적립 #최저가보상
2018-11-14,서울특별시 종로구 효제동 21-10,50350510729,30,종로(대학로) 올데이,4,"20,000",18:00,"40,000",#현장적립
2018-11-14,서울특별시 종로구 명륜4가 66-2,50350500651,43,종로(대학로) 짝,4,"15,000",,"30,000",#현장적립
2018-11-14,서울특별시 종로구 창신동 383,50350516220,20,종로(동대문역) 오렌지,,,15:00,"45,000",#현장적립
2018-11-14,서울특별시 광진구 중곡동 92-5,50350501862,841,중곡 코지(아차산역),6,"20,000",20:00,"40,000",#쿠폰혜택 #현장적립 #최저가보상
2018-11-14,서울특별시 광진구 중곡동 605-1,50350502070,532,중곡 파인힐,4,"20,000",17:00,"35,000",#쿠폰혜택 #마이룸 #최저가보상
2018-11-14,서울특별시 광진구 중곡동 611-1,50350510034,27,중곡 헤라,3,"20,000",21:00,"40,000",#쿠폰혜택 #현장적립
2018-11-14,서울특별시 중구 충무로4가 22,50350510956,245,중구 충무모텔,4,"20,000",18:00,"40,000",#쿠폰혜택 #마이룸 #최저가보상
2018-11-14,서울특별시 중랑구 중화동 207-37,50350511001,400,중랑 T,6,"20,000",17:00,"40,000",#쿠폰혜택 #현장적립 #최저가보상
2018-11-14,서울특별시 중랑구 면목동 185-79,50350517295,4,중랑 뉴월드,4,"20,000",16:00,"35,000",#쿠폰혜택 #마이룸
2018-11-14,서울특별시 중랑구 상봉동 136-13,50350518173,6,중랑 스위스,4,"20,000",19:00,"33,000",#마이룸 #현장적립 #최저가보상
2018-11-14,서울특별시 중랑구 중화동 326-52,50350501621,339,중랑 썸,4,"17,000",16:00,"32,000",#쿠폰혜택 #마이룸 #당일예약취소가능 #현장적립 #최저가보상
2018-11-14,서울특별시 중랑구 면목동 179-24,24933570,1387,중랑(면목) Hotel M,6,"20,000",17:00,"40,000",#쿠폰혜택 #마이룸 #현장적립
2018-11-14,서울특별시 중랑구 면목동 191-122,50350501596,566,중랑(면목) 더 자바,6,"20,000",18:00,"33,000",#쿠폰혜택 #마이룸 #현장적립 #최저가보상
2018-11-14,서울특별시 도봉구 창동 14-1 창동 론스타,50350500065,2733,창동 론스타,10,"25,000",12:00,"45,000",#쿠폰혜택 #마이룸 #당일예약취소가능 #현장적립 #최저가보상
2018-11-14,서울특별시 도봉구 창동 14-3 창동 리젠트,50350500126,1210,창동 리젠트,8,"22,000",15:00,"45,000",#쿠폰혜택 #당일예약취소가능 #현장적립 #최저가보상
2018-11-14,서울특별시 도봉구 창동 14-2 창동 베르사유,50350510214,1183,창동 베르사유,8,"25,000",17:00,"45,000",#쿠폰혜택 #마이룸 #당일예약취소가능 #현장적립 #최저가보상
2018-11-14,서울특별시 도봉구 창동 731-22,50350510204,422,창동(쌍문동) M 모텔,6,"18,000",17:00,"35,000",#쿠폰혜택 #마이룸 #현장적립
2018-11-14,서울특별시 강동구 천호동 338-15,50350500977,568,천호 15번가호텔,5,"17,000",18:00,"35,000",#쿠폰혜택 #마이룸 #당일예약취소가능 #현장적립 #최저가보상
2018-11-14,서울특별시 강동구 천호동 416-10,50350518256,0,천호 HOTEL H,,,,,#현장적립 #신축&리모델링
2018-11-14,서울특별시 강동구 천호동 452-30,24747775,1806,천호 HOTEL 감,5,"20,000",22:00,"50,000",#쿠폰혜택 #당일예약취소가능 #현장적립 #최저가보상
2018-11-14,서울특별시 강동구 천호동 357-11,50350516234,1252,천호 ORANGE,6,"15,000",18:00,"29,000",#쿠폰혜택
2018-11-14,서울특별시 강동구 천호동 454-28,50350501634,366,천호 T,10,"20,000",16:00,"35,000",#쿠폰혜택 #당일예약취소가능 #현장적립
2018-11-14,서울특별시 강동구 천호동 410-186,50350500824,649,천호 YES,8,"14,900",16:00,"29,900",#쿠폰혜택 #마이룸 #당일예약취소가능 #현장적립
2018-11-14,서울특별시 강동구 천호동 429-1,50350518443,385,천호 라뷰 럭셔리호텔,10,"25,000",17:00,"40,000",#쿠폰혜택 #마이룸 #좋은숙박연구소 #현장적립
2018-11-14,서울특별시 강동구 천호동 429-3,50350509683,1176,천호 세븐,6,"18,000",18:00,"37,000",#쿠폰혜택 #현장적립 #최저가보상
2018-11-14,서울특별시 강동구 천호동 550-12,50350509694,156,천호 씨티,3,"17,000",17:00,"28,000",#쿠폰혜택 #현장적립
2018-11-14,서울특별시 강동구 천호동 454-34,50350501671,1709,천호 연,12,"20,000",15:00,"35,000",#쿠폰혜택 #마이룸 #당일예약취소가능 #현장적립 #최저가보상
2018-11-14,서울특별시 강동구 천호동 557,50350501644,1880,천호 연애시대,7,"15,000",17:00,"28,000",#쿠폰혜택 #마이룸 #당일예약취소가능 #현장적립 #최저가보상
2018-11-14,서울특별시 강동구 천호동 328,50350501204,771,천호 온,6,"20,000",16:00,"35,000",#쿠폰혜택 #마이룸 #당일예약취소가능 #현장적립
2018-11-14,서울특별시 강동구 천호동 430-1,50350516324,1230,천호 월(月),6,"20,000",18:00,"40,000",#쿠폰혜택 #현장적립
2018-11-14,서울특별시 강동구 천호동 427-10,50350509684,2661,천호 이너스,9,"25,000",17:00,"40,000",#쿠폰혜택 #마이룸 #당일예약취소가능 #현장적립
2018-11-14,서울특별시 강동구 천호동 430-8,24833684,754,천호 클래식,12,"18,000",14:00,"30,000",#쿠폰혜택 #마이룸 #최저가보상
2018-11-14,서울특별시 강동구 천호동 338-14,50350509660,57,천호 투,5,"15,000",22:00,"30,000",#쿠폰혜택 #현장적립
2018-11-14,서울특별시 강동구 천호동 454-30,50350509681,447,천호 펠리스,8,"18,000",18:00,"30,000",#쿠폰혜택 #마이룸 #현장적립
2018-11-14,서울특별시 강동구 천호동 550,50350500763,1516,천호 프라자,6,"17,000",15:00,"30,000",#쿠폰혜택 #마이룸 #현장적립 #최저가보상
2018-11-14,서울특별시 강동구 천호동 427-39,50350509685,823,천호 호텔 6월,9,"18,000",12:00,"35,000",#쿠폰혜택 #당일예약취소가능 #현장적립
2018-11-14,서울특별시 강동구 천호동 430-5,50350509686,612,천호 호텔 더 블루,6,"25,000",14:00,"45,000",#쿠폰혜택 #현장적립 #최저가보상
2018-11-14,서울특별시 강동구 천호동 328-10,50350515171,378,천호 호텔스토리,4,"20,000",18:00,"35,000",#쿠폰혜택 #마이룸 #현장적립 #최저가보상
2018-11-14,서울특별시 강동구 천호동 427-29,50350515386,1186,천호 히트,8,"20,000",15:00,"35,000",#쿠폰혜택 #현장적립 #최저가보상
2018-11-14,서울특별시 강남구 청담동 68-7,50350509638,339,청담 펜타리움,5,"23,000",15:00,"55,000",#쿠폰혜택 #마이룸 #현장적립
2018-11-14,서울특별시 동대문구 전농동 597-23,50350500151,1072,청량리 31page,6,"25,000",15:00,"40,000",#현장적립
2018-11-14,서울특별시 동대문구 청량리동 251,50350517142,1389,청량리 Boutique Hotel XYM,5,"20,000",15:00,"40,000",#쿠폰혜택 #당일예약취소가능 #현장적립 #최저가보상
2018-11-14,서울특별시 동대문구 전농동 620-4,29618988,138,청량리 Kcity(케이시티) 호텔,4,"25,000",14:00,"49,000",#쿠폰혜택 #마이룸 #현장적립 #최저가보상
2018-11-14,서울특별시 동대문구 전농동 597-41,50350502218,738,청량리 더 디자이너스,4,"30,000",15:00,"60,000",#쿠폰혜택 #현장적립 #최저가보상
2018-11-14,서울특별시 동대문구 청량리동 343,50350501790,498,청량리 동부모텔,6,"15,000",18:00,"30,000",#당일예약취소가능 #현장적립 #최저가보상
2018-11-14,서울특별시 동대문구 청량리동 300,50350501917,263,청량리 동아모텔,4,"15,000",18:00,"30,000",#쿠폰혜택 #마이룸 #당일예약취소가능 #현장적립
2018-11-14,서울특별시 동대문구 청량리동 36-17,50350517394,78,청량리 미주,8,"20,000",16:00,"35,000",#쿠폰혜택 #마이룸 #현장적립 #최저가보상
2018-11-14,서울특별시 중구 충무로4가 155-2,50350510987,228,충무로 CF,5,"25,000",16:00,"45,000",#쿠폰혜택 #현장적립 #최저가보상
2018-11-14,서울특별시 중구 필동3가 5-1,50350501006,555,충무로 아띠,4,"20,000",20:00,"45,000",#쿠폰혜택 #현장적립 #최저가보상
2018-11-14,서울특별시 중구 중림동 331-14,50350516466,60,충정로 wo,5,"20,000",19:00,"35,000",#현장적립 #최저가보상
2018-11-14,서울특별시 중랑구 묵동 168-11,50350500248,979,태릉 S,5,"20,000",21:00,"40,000",#쿠폰혜택 #당일예약취소가능 #현장적립 #최저가보상
2018-11-14,서울특별시 중랑구 묵동 233-1 태릉 르블랑(LeBlanc) 호텔,50350516819,438,태릉 르블랑(LeBlanc) 호텔,4,"25,000",18:00,"50,000",#쿠폰혜택 #현장적립 #최저가보상
2018-11-14,서울특별시 중랑구 묵동 238-12,50350501491,2347,태릉 마가렛,5,"25,000",15:00,"45,000",#쿠폰혜택 #마이룸 #당일예약취소가능 #현장적립 #최저가보상
2018-11-14,서울특별시 중랑구 묵동 233-2,50350514559,531,태릉 인(INN),5,"20,000",19:00,"45,000",#쿠폰혜택 #현장적립 #최저가보상
2018-11-14,서울특별시 중랑구 묵동 181-66,50350514601,1306,태릉 호텔 드씨엘(De Ciel),5,"25,000",14:00,"60,000",#쿠폰혜택 #TOP100 #현장적립 #최저가보상
2018-11-14,서울특별시 중랑구 묵동 188-5,50350515627,129,태릉 힐파크,4,"20,000",17:00,"35,000",#쿠폰혜택 #마이룸 #현장적립 #최저가보상
2018-11-14,서울특별시 노원구 공릉동 684-20,50350514434,181,태릉(공릉동) M,4,"20,000",18:00,"40,000",#쿠폰혜택 #최저가보상
2018-11-14,서울특별시 노원구 공릉동 670-8,50350500886,737,태릉(공릉역) W,4,"23,000",18:00,"50,000",#쿠폰혜택 #당일예약취소가능 #현장적립 #최저가보상
2018-11-14,서울특별시 용산구 한남동 657-104,50350501829,269,한남 67,4,"30,000",18:00,"65,000",#쿠폰혜택 #당일예약취소가능 #현장적립 #최저가보상
2018-11-14,서울특별시 성북구 삼선동4가 9-6,50350500678,999,한성대입구 메이,4,"20,000",18:00,"50,000",#쿠폰혜택 #당일예약취소가능 #현장적립 #최저가보상
2018-11-14,서울특별시 마포구 합정동 382-19,50350500071,1116,합정 남경호텔,4,"25,000",20:00,"59,990",#쿠폰혜택 #현장적립 #최저가보상
2018-11-14,서울특별시 마포구 합정동 383-18,50350514544,83,합정 서원장,4,"20,000",15:00,"40,000",#쿠폰혜택 #현장적립 #최저가보상
2018-11-14,서울특별시 마포구 합정동 382-17,50350500973,316,합정 써클호텔,3,"40,000",18:00,"80,000",#쿠폰혜택 #현장적립
2018-11-14,서울특별시 마포구 서교동 351-29,50350517056,129,홍대 THE-ORE(디오레) 호텔,4,"30,000",15:00,"73,700",#쿠폰혜택 #현장적립
2018-11-14,서울특별시 마포구 서교동 373-9,50350500922,1428,홍대 더 디자이너스,4,"25,000",17:00,"80,000",#쿠폰혜택 #현장적립
2018-11-14,서울특별시 마포구 상수동 336-16,50350510408,5,홍대 에이레이,6,"20,000",18:00,"35,000",#현장적립 #최저가보상
2018-11-14,서울특별시 서대문구 연희동 353-128,23342340,58,홍대 연희,4,"28,000",19:00,"45,000",#쿠폰혜택 #마이룸 #현장적립
2018-11-14,서울특별시 마포구 성산동 232-1,50350515746,931,홍대 청기와,5,"20,000",17:00,"40,000",#쿠폰혜택 #현장적립
2018-11-14,서울특별시 서대문구 창천동 112-15,50350510434,187,홍대(신촌) 테마,5,"15,000",18:00,"33,000",#쿠폰혜택 #현장적립
2018-11-14,서울특별시 서대문구 홍제동 323-8,50350515562,41,홍제 오렌지,3,"20,000",20:00,"45,000",#쿠폰혜택 #마이룸 #최저가보상
2018-11-14,서울특별시 강서구 화곡동 29-58,50350509860,1171,화곡 A HOTEL,5,"20,000",17:00,"40,000",#쿠폰혜택 #현장적립
2018-11-14,서울특별시 강서구 화곡동 982-3,226088734,1456,화곡 BJ,8,"18,000",16:00,"35,000",#쿠폰혜택 #마이룸 #현장적립 #최저가보상
2018-11-14,서울특별시 강서구 화곡동 1105-12,226991314,486,화곡 boutique S,12,"20,000",17:00,"40,000",#쿠폰혜택 #당일예약취소가능 #현장적립 #최저가보상
2018-11-14,서울특별시 강서구 화곡동 1097-4,50350502150,1127,화곡 EG호텔,5,"25,000",18:00,"40,000",#쿠폰혜택 #현장적립 #최저가보상
2018-11-14,서울특별시 강서구 화곡동 936-29,50350509879,681,화곡 E갤러리,6,"20,000",19:00,"30,000",#쿠폰혜택 #마이룸 #당일예약취소가능 #최저가보상
2018-11-14,서울특별시 강서구 화곡동 938-13,50350509842,1549,화곡 K2,5,"20,000",19:00,"35,000",#쿠폰혜택 #마이룸 #현장적립 #최저가보상
2018-11-14,서울특별시 강서구 화곡동 938-5,50350500303,1828,화곡 mai(메이),7,"18,000",16:00,"35,000",#쿠폰혜택 #당일예약취소가능 #현장적립 #최저가보상
2018-11-14,서울특별시 강서구 화곡동 902-3,50350500621,3049,화곡 MAIN st (돈키호텔제휴점),10,"20,000",18:00,"40,000",#쿠폰혜택 #TOP100 #마이룸 #현장적립 #최저가보상
2018-11-14,서울특별시 강서구 화곡동 24-63,50350516001,2213,화곡 RANG,4,"20,000",16:00,"40,000",#쿠폰혜택 #현장적립
2018-11-14,서울특별시 강서구 화곡동 918-23,50350500463,1035,화곡 S,12,"30,000",10:00,"45,000",#쿠폰혜택 #현장적립 #최저가보상
2018-11-14,서울특별시 강서구 화곡동 905-8,50350500828,2359,화곡 VOLL,5,"25,000",17:00,"45,000",#쿠폰혜택 #마이룸 #당일예약취소가능 #현장적립
2018-11-14,서울특별시 강서구 화곡동 923-5,50350514557,2127,화곡 XYM,10,"18,000",19:00,"35,000",#쿠폰혜택 #마이룸 #당일예약취소가능 #현장적립 #최저가보상
2018-11-14,서울특별시 강서구 화곡동 901-25,50350500371,1210,화곡 거기,6,"20,000",16:00,"35,000",#쿠폰혜택 #현장적립 #최저가보상
2018-11-14,서울특별시 강서구 화곡동 24-91,50350501804,362,화곡 구름성,5,"15,000",17:00,"27,000",#쿠폰혜택 #당일예약취소가능 #현장적립 #최저가보상
2018-11-14,서울특별시 강서구 화곡동 905-1,50350500430,1285,화곡 그레이스,8,"17,000",18:00,"35,000",#쿠폰혜택 #마이룸 #당일예약취소가능 #현장적립
2018-11-14,서울특별시 강서구 화곡동 1116-8,50350509852,1790,화곡 드림 호텔,6,"20,000",17:00,"35,000",#쿠폰혜택 #현장적립 #최저가보상
2018-11-14,서울특별시 강서구 화곡동 904-6,50350501970,16,화곡 드어반,,,18:00,"50,000",#최저가보상
2018-11-14,서울특별시 강서구 화곡동 904-8,50350500984,1865,화곡 러쉬,6,"20,000",18:00,"40,000",#쿠폰혜택 #마이룸 #당일예약취소가능 #현장적립 #최저가보상
2018-11-14,서울특별시 강서구 화곡동 922-1,50350501199,1149,화곡 리치,5,"20,000",18:00,"35,000",#쿠폰혜택 #마이룸 #현장적립 #최저가보상
2018-11-14,서울특별시 강서구 화곡동 922-4,50350500161,589,화곡 미사,6,"20,000",18:00,"40,000",#쿠폰혜택 #당일예약취소가능 #현장적립 #최저가보상
2018-11-14,서울특별시 강서구 화곡동 29-69,226915864,2210,화곡 블루힐,8,"15,000",18:00,"27,000",#쿠폰혜택 #당일예약취소가능 #현장적립 #최저가보상
2018-11-14,서울특별시 강서구 화곡동 24-86,50350515996,1175,화곡 샤르망,6,"18,000",17:00,"30,000",#쿠폰혜택 #마이룸
2018-11-14,서울특별시 강서구 화곡동 24-77,50350501103,1488,화곡 설레임,7,"15,000",21:00,"27,000",#당일예약취소가능 #현장적립 #최저가보상
2018-11-14,서울특별시 강서구 화곡동 24-56,50350516188,2209,화곡 소설스미스,6,"20,000",18:00,"40,000",#쿠폰혜택 #당일예약취소가능 #현장적립
2018-11-14,서울특별시 강서구 화곡동 937-11,50350509880,297,화곡 아리아,7,"20,000",21:00,"30,000",#쿠폰혜택 #마이룸 #최저가보상
2018-11-14,서울특별시 강서구 화곡동 24-18,50350509909,44,화곡 아방궁,,,,,
2018-11-14,서울특별시 강서구 화곡동 29-172,50350500794,607,화곡 아브르,5,"20,000",18:00,"40,000",#쿠폰혜택 #현장적립 #최저가보상
2018-11-14,서울특별시 강서구 화곡동 987-9,50350500300,492,화곡 앨리스,6,"18,000",18:00,"30,000",#쿠폰혜택 #현장적립 #최저가보상
2018-11-14,서울특별시 강서구 화곡동 938-17,50350500320,2313,화곡 오슬로,12,"20,000",14:00,"35,000",#쿠폰혜택 #마이룸 #당일예약취소가능 #현장적립 #최저가보상
2018-11-14,서울특별시 강서구 화곡동 904-5,50350501805,617,화곡 오투(O2),4,"15,000",20:00,"35,000",#쿠폰혜택 #당일예약취소가능 #현장적립
2018-11-14,서울특별시 강서구 화곡동 937-23,50350509881,129,화곡 첼로,4,"20,000",19:00,"35,000",#쿠폰혜택 #마이룸
2018-11-14,서울특별시 강서구 화곡동 902-8,50350500207,3737,화곡 초콜릿,10,"20,000",18:00,"35,000",#쿠폰혜택 #TOP100 #현장적립 #최저가보상
2018-11-14,서울특별시 강서구 화곡동 923-14,50350509845,136,화곡 칼라모텔,5,"20,000",18:00,"30,000",#쿠폰혜택 #마이룸 #현장적립
2018-11-14,서울특별시 강서구 화곡동 1110-3,50350502103,690,화곡 칼튼호텔,5,"25,000",20:00,"50,000",#쿠폰혜택 #현장적립 #최저가보상
2018-11-14,서울특별시 강서구 화곡동 905-45,50350500460,1481,화곡 크로싱,6,"15,000",18:00,"35,000",#쿠폰혜택 #당일예약취소가능 #현장적립 #최저가보상
2018-11-14,서울특별시 강서구 화곡동 920-13,50350515613,273,화곡 탑,4,"20,000",17:00,"30,000",#쿠폰혜택 #마이룸 #현장적립
2018-11-14,서울특별시 강서구 화곡동 1076-6,50350500198,21,화곡 테마,4,"25,000",14:00,"60,000",#현장적립
2018-11-14,서울특별시 강서구 화곡동 24-62,50350509900,284,화곡 파라다이스,4,"15,000",19:00,"30,000",#쿠폰혜택 #최저가보상
2018-11-14,서울특별시 강서구 화곡동 901-1,50350514838,671,화곡 파스텔(구 에이스),6,"18,000",18:00,"33,000",#쿠폰혜택 #마이룸 #당일예약취소가능 #현장적립 #최저가보상
2018-11-14,서울특별시 강서구 화곡동 24-41,50350509905,787,화곡 팰리스,9,"18,000",15:00,"32,000",#쿠폰혜택 #당일예약취소가능 #현장적립 #최저가보상
2018-11-14,서울특별시 강서구 화곡동 24-96,226908596,860,화곡 플라워,5,"20,000",18:00,"40,000",#쿠폰혜택 #마이룸
2018-11-14,서울특별시 강서구 화곡동 981-13,50350509911,550,화곡(강서구청) 샤르망,5,"17,000",18:00,"30,000",#쿠폰혜택 #마이룸 #현장적립
2018-11-14,서울특별시 강서구 화곡동 982-2,50350509910,436,화곡(강서구청) 테마,6,"17,000",18:00,"30,000",#쿠폰혜택 #마이룸 #현장적립
2018-11-14,서울특별시 강서구 화곡동 938-15,50350509885,1,화곡(까치산) 노블레스,6,"20,000",19:00,"40,000",
2018-11-14,서울특별시 강서구 화곡동 936-3,1091157549,101,화곡(까치산) 로데오,6,"20,000",18:00,"30,000",#쿠폰혜택 #마이룸 #최저가보상
2018-11-14,서울특별시 동대문구 휘경동 183-144,50350510319,199,회기 E,4,"20,000",16:00,"33,000",#쿠폰혜택 #현장적립 #최저가보상
2018-11-14,서울특별시 동대문구 휘경동 108-14,1067640588,471,회기 그림,7,"20,000",18:00,"40,000",#쿠폰혜택 #마이룸 #현장적립 #최저가보상
2018-11-14,서울특별시 동대문구 회기동 72-2,50350502049,172,회기 발리,4,"20,000",19:00,"40,000",#쿠폰혜택 #마이룸 #최저가보상
2018-11-14,서울특별시 동대문구 회기동 76-8,50350501973,126,회기 체리,4,"18,000",20:00,"38,000",#쿠폰혜택 #마이룸 #최저가보상
2018-11-14,서울특별시 중구 회현동1가 187,50350501065,61,회현 TOP-탑 호텔,3,"25,000",14:00,"70,000",#쿠폰혜택 #당일예약취소가능 #현장적립 #최저가보상
2018-11-14,서울특별시 중구 회현동1가 133-1 133-1,50350501969,0,회현 힐하우스,,,15:00,"130,000",#최저가보상
2018-11-14,서울특별시 중구 회현동1가 99-18,50350501908,33,회현(명동) 루미아 호텔,,,15:00,"80,000",#쿠폰혜택 #마이룸 #현장적립 #최저가보상
